item_id,split,paper_id,passage_id,verbatim,similarity,quote,closest_corpus_window
NB-HPN-0026-q1,dev,paper_0026,paper_0026__p002,True,1.0,Packet pacing can improve performance 12 but its value depends on characteristics of the destination endpoint: typically it is desirable only when transferring data from a higher bandwidth endpoint to a lower bandwidth endpoint.,
NB-HPN-0159-q0,dev,paper_0159,paper_0159__p003,True,1.0,The two most widely used congestion signals are Explicit Congestion Notification ECN and Round-Trip-Time RTT . These signals are often readily available at RDMA transport layer,
NB-HPN-2135-q1,dev,paper_2135,paper_2135__p004,True,1.0,The request is resent every pre-defined interval 60 seconds by default to enable the monitoring in new nodes if the route changes. It is also a recovery mechanism in case the first in-band request is lost or if an intermediate node is reset.,
NB-HPN-2121-q2,dev,paper_2121,paper_2121__p003,True,1.0,if a service s MmF share is 40 Mbps and it achieves 30 Mbps under contention we would say it achieved 75% of its MmF share.,
NB-HPN-1401-q1,dev,paper_1401,paper_1401__p004,True,1.0,Some machines may have a maximum TCP buffer size limit less than the optimal needed for the transfer. In such a case the parameter tuner uses more streams so that their aggregate buffer size is equal to that of the optimal TCP buffer size.,
NB-HPN-0176-q1,dev,paper_0176,paper_0176__p004,True,1.0,Startup implements a binary search for BtlBw by using a gain of 2/ln2 to double the sending rate while delivery rate is increasing. This discovers BtlBw in log 2BDP RTTs but creates up to 2BDP excess queue in the process.,
NB-HPN-0178-q1,dev,paper_0178,paper_0178__p002,True,1.0,Packet reordering is particularly damaging to TCP performance as it blocks the sending window and may reduce the congestion window leading to lower goodput.,
NB-HPN-2032-q1,dev,paper_2032,paper_2032__p001,True,1.0,DMS de nes a semidistributed approach that of oads and reduces the computational burden from a centralized controller to base station s while drastically abating the signaling overhead.,
NB-HPN-0733-q1,dev,paper_0733,paper_0733__p000,True,1.0,Machine Learning for Data Transfer Anomaly Detection Sarah Cooper Masud Bhuiyan Engin Arslan Department of Computer Science & Engineering Reno Abstract Data transfer performance is critical for many science applications that rely on remote ,
NB-HPN-1278-q1,dev,paper_1278,paper_1278__p001,True,1.0,Full window loss occurs when there are no feedback ACKs for the data packets sent and the whole window of data packets is lost. In such a case TCP does not go into fast retransmission and fast recovery mode,
NB-HPN-1278-q1,dev,paper_1278,paper_1278__p003,True,1.0,In the case of CA the frame transmission rate is slowed to linear incr ease from exponential increase mode whereas in the case of three DUP_ACKs a fast retransmit & recovery algorithm is activated.,
NB-HPN-0850-q2,dev,paper_0850,paper_0850__p003,True,1.0,Goodput is nothing but the application level throughput and calculated as no of useful information bits delivered by,
NB-HPN-0850-q2,dev,paper_0850,paper_0850__p000,True,1.0,TCP congestion could severely degrade the performance in many-to-one traffic pattern applications like MapReduce and search.,
NB-HPN-1803-q3,dev,paper_1803,paper_1803__p004,True,1.0,The maximum possible value for the latter parameter is equal to the socket buffer size chosen by the application when the connection is established. An excessively small value of this parameter could result in sub-optimal end-to-end performance,
NB-HPN-1376-q1,dev,paper_1376,paper_1376__p005,True,1.0,Notice that relying on just one false negative resulted in cumulative drops in this case even though all other predictions were true.,
NB-HPN-0555-q1,dev,paper_0555,paper_0555__p002,True,1.0,The local hard disk limit is reached with only 1 stream and further increasing the stream number has an adverse e ect in this case.,
NB-HPN-0555-q1,dev,paper_0555,paper_0555__p003,True,1.0,excessive usage of stripes and parallel streams are cause of drop-down in throughput.,
NB-HPN-1163-q1,dev,paper_1163,paper_1163__p004,True,1.0,We also note that concurrency does increase the net load on the server because of these processes and it could imply a negative impact on the performance of other transfer jobs executing at these servers.,
NB-HPN-2155-q1,dev,paper_2155,paper_2155__p001,True,1.0,In contrast to small-scale prototype deadlineaware transfer systems using a central coordinator Amoeba 41 Tempus 23 Netstitcher 27 E ngo uses decentralized heuristics that scale well while maintaining cluster-level failure domains.,
NB-HPN-2121-q1,dev,paper_2121,paper_2121__p003,True,1.0,We donot use Jain s Fairness Index 30 because it collapses these outcomes into one statistic: it can tell us that the outcome is imbalanced but it cannot tell us which service is the winner.,
NB-HPN-2136-q0,dev,paper_2136,paper_2136__p004,True,1.0,A file is striped when data is separated into stripes small chunks so that read and write operations can access multiple OSTs concurrently.,
NB-HPN-0536-q1,dev,paper_0536,paper_0536__p002,True,1.0,If the MTU of a TCP connection can be increased from 1500 bytes to the jumbo frame size of 9000 bytes the right hand side of equation 2 increases by a factor of 6 thus increasing actual maximum TCP bandwidth by a factor of 6 as well.,
NB-HPN-1616-q1,dev,paper_1616,paper_1616__p003,True,1.0,We can impose additional continuity constraints up to second derivatives.,
NB-HPN-2050-q3,dev,paper_2050,paper_2050__p003,True,1.0,Most reactive congestion control protocols assume a minimum amount of available buffer capacity for proper operation e.g. DCTCP 9 requires the buffer space to be at least 17% of BDP. If we consider the latest switches from Broadcom such as the Trident4 2 we are given 4MB of buffering per port.,
NB-HPN-2024-q3,dev,paper_2024,paper_2024__p004,True,1.0,Achieving these rates for other types of traffic flows to support computational steering and instrument control is even more difficult. Research that provides tools and services that routinely achieve these rates will greatly improve scientists abilities,
NB-HPN-2024-q3,dev,paper_2024,paper_2024__p005,True,1.0,The short-term data requirement of 1 TB/h or 2.4 Gbps stated in the introduction is achievable today at the network level over widely deployed 10 Gbps connections using multi-core hosts with 10 GigE Gigabit Ethernet NICs,
NB-HPN-1047-q3,dev,paper_1047,paper_1047__p003,True,1.0,we need to invoke the Terapaths API from Globus and set up a high-bandwidth path before invoking GridFTP to perform the transfer. Since the Terapaths API is accessible via a Web service over SOAP,
NB-HPN-1629-q1,dev,paper_1629,paper_1629__p001,True,1.0,Unlike the current TCP congestion control protocol that only adapts the congestion win dow to the network congestion e.g. the packet loss rate in TCP Reno and the RTT in TCP V egas the proposed congestion control algorithm also takes into account multimedia packets distortion impacts and delay deadlines,
NB-HPN-1629-q1,dev,paper_1629,paper_1629__p003,True,1.0,the distortion impact represents the amount by which the multimedia distortion is reduced if one packet from the chunk is received at the decoder side.,
NB-HPN-1135-q0,dev,paper_1135,paper_1135__p000,True,1.0,To understand I/O performance of data-intensive applications in realistic computational settings we develop a lightweight portable benchmark called MADbench2 which is derived directly from a large-scale Cosmic Microwave Backgr ound CMB data analysis package.,
NB-HPN-1135-q0,dev,paper_1135,paper_1135__p003,True,1.0,Popular desktop system I/O benchmarks such as IOZone 13 and FileBench 15 are generally not relevant to HPC applications as they either do not have parallel implementations or exercise I/O patterns that are uncommon in scienti c applications.,
NB-HPN-0046-q0,dev,paper_0046,paper_0046__p000,True,1.0,In this paper we propose a statistical approach to understanding I/O performance that moves from the analysis of performance events to the exploration of performance ensembles.,
NB-HPN-0320-q0,dev,paper_0320,paper_0320__p000,True,1.0,its bang-bang control structure rewards single ows on each interval and prohibits link-capacity sharing.,
NB-HPN-1446-q0,dev,paper_1446,paper_1446__p001,True,1.0,The standard abstraction for resource allocation used in this context is hence based on the Big Switch model 7 e.g. see Fig. 1 capturing the fact that congestion occurs at Top-of-Rack ToR switches only.,
NB-HPN-1059-q0,dev,paper_1059,paper_1059__p000,True,1.0,to minimize latency switches run small queues when the queue overflows rather than dropping packets the switch trims off the packet payload and either forwards the header to the destination or back to the source.,
NB-HPN-2201-q0,dev,paper_2201,paper_2201__p001,True,1.0,dedicated resources at the physical and the MAC layers in a Time-Division Multiplexing Access TDMA 1 fashion. The capacity of physical ports is allocated to each slice in the form of capacity slots i.e. multiples of a fundamental bandwidth unit usually expressed in Gigabits. The slots are of different sizes and need to be activated in a given order. Once a slot is allocated to a slice it cannot be shared with another one.,
NB-HPN-1147-q0,test,paper_1147,paper_1147__p004,True,1.0,This model captures the discrepancy i.e. residual between the predictions of the fast approximate simulator and the live measurements from the real system. We use the estimated residual to improve the predictive accuracy of the overall model.,
NB-HPN-1853-q0,test,paper_1853,paper_1853__p005,True,1.0,Before performing each transfer Stork makes a quick check to identify which protocols are available for both the source and destination hosts involved in the transfer.,
NB-HPN-1853-q0,test,paper_1853,paper_1853__p001,True,1.0,We have also added dynamic protocol selection and alternate protocol fall-back capability to our prototype data placement scheduler.,
NB-HPN-1977-q0,test,paper_1977,paper_1977__p005,True,1.0,With regard to the large amount of states and actions the centralized model will take long time to converge and acquires large computation resources. The long latency for collecting network state and updating ECN configuration.,
NB-HPN-1977-q0,test,paper_1977,paper_1977__p002,True,1.0,loys DRL agent at each switch to adjust the ECN marking threshold independently.,
NB-HPN-1466-q1,test,paper_1466,paper_1466__p003,True,1.0,if the link cost is the highest priority we need to provide higher ratio for and nally if link utilization is the importance criterion for the application we need to have higher value for coef cient in the objective function.,
NB-HPN-0732-q1,test,paper_0732,paper_0732__p000,True,1.0,Flows share congestion information within groups and propagate the compressed signals through the hierarchy enabling aggregate control of,
NB-HPN-1654-q1,test,paper_1654,paper_1654__p003,True,1.0,Data transfer requests within the same cluster Ciwith the same protocol parameter values might have a deviation from one another due to measurement errors and many other network uncertainties,
NB-HPN-1471-q1,test,paper_1471,paper_1471__p000,True,1.0,While deep learning-based solutions outperform traditional time-series models they often fail to generalize ac,
NB-HPN-0923-q0,test,paper_0923,paper_0923__p005,True,1.0,Our d w method exploits the observed unimodality of transfer rates with respect to the number of ows for XFS and Lustre with direct I/O,
NB-HPN-0216-q1,test,paper_0216,paper_0216__p004,True,1.0,the first received ACK packet for this sender is already ECN-marked while the measured RTT is at base RTT indicating this particular packet has not experienced any congestion but the queue behind it has built up.,
NB-HPN-0975-q1,test,paper_0975,paper_0975__p002,True,1.0,Among AR ARMA and ARIMA AR obtained the best performance by reducing the sample transfer time below six seconds however its error rate can go up to 30% potentially causing online optimization algorithms to make inaccurate conclusions.,
NB-HPN-1363-q1,test,paper_1363,paper_1363__p004,True,1.0,in our current implementation losses at the Corsa switch due to limits imposed on the queue size will result in activation of the H-TCP congestion avoidance algorithm. In order to avoid this pacing at the end-system is used.,
NB-HPN-0155-q0,test,paper_0155,paper_0155__p003,True,1.0,A purely black-box approach for I/O modeling illustrated in Fig. 1 does not require detailed expert knowledge of the underlying algorithms used for communication interconnect or storage array operations.,
NB-HPN-1650-q1,test,paper_1650,paper_1650__p003,True,1.0,Tuning to higher values in the range 1 to 2 allows one to measure at what value of the calculation time 4 matches the I/O time for a given system.,
NB-HPN-0513-q0,test,paper_0513,paper_0513__p004,True,1.0,the reward function is made up of the measured link utilization and the difference between the actual RTT and the estimated RTprop during the interval T2,
NB-HPN-0738-q1,test,paper_0738,paper_0738__p000,True,1.0,secondary paths are pre-installed proactively for immediate failover during primary link failures while new alternative paths are dynamically calculated in real-time reactively for multiple failures,
NB-HPN-0667-q1,test,paper_0667,paper_0667__p002,True,1.0,The last ROS response a arrives after 16.766ms for static cwnd of two packets and after 16.84ms for tra c shaping 396 credits quota .,
NB-HPN-1935-q3,test,paper_1935,paper_1935__p003,True,1.0,GridFTP-APT searches for a range of the number of parallel TCP connections called bracket in which the GridFTP goodput takes a convex form.,
NB-HPN-0037-q0,test,paper_0037,paper_0037__p002,True,1.0,MPTCP can establish multiple sub ows across different paths between the same pair of endpoints for a single TCP connection . The key point is that by linking the congestion control dynamics on these multiple sub ows,
NB-HPN-0037-q0,test,paper_0037,paper_0037__p000,True,1.0,We show that multipath TCP can effectively and seamlessly use available bandwidth providing improved throughput and better fairness in these new topologies when compared to single path TCP and randomized ow-level load balancing.,
NB-HPN-0322-q1,test,paper_0322,paper_0322__p003,True,1.0,When equilibrium is reached during Congestion Avoidance there is a factor of two between the minimum and maximum values of cwnd. Therefore auto-tuning TCP doesn t decrease sb-net-target until cwnd falls below sb_neLtarget/4 to reduce the flapping of sb-net-target during equilibrium,
NB-HPN-0178-q0,test,paper_0178,paper_0178__p004,True,1.0,Dyssect avoids computing the hash in software and instead uses the same RSS hash value that the NIC computes to direct packets to cores.,
NB-HPN-1059-q3,test,paper_1059,paper_1059__p005,True,1.0,When a recirculated congestion signal arrives the corresponding port is set to pessimistic mode for a predetermined period of time 6us long enough to trim 12 packets .,
NB-HPN-0316-q3,test,paper_0316,paper_0316__p002,True,1.0,The three vertical lines show the BDP for a 10 Gbps 40 Gbps and 100 Gbps network assuming a 12 s RTT.,
NB-HPN-0316-q3,test,paper_0316,paper_0316__p004,True,1.0,the 1-hop RTT consists of the propagation latency and the switch pipeline latency typically 1-2 s.,
NB-HPN-0428-q1,test,paper_0428,paper_0428__p002,True,1.0,Since each network path has di erent bandwidth and latency the optimal number of parallel TCP streams to get the best performance may be di erent for each path.,
NB-HPN-2237-q2,test,paper_2237,paper_2237__p000,False,0.394,Offloading approximately 66% of packets to the VNF achieves the lowest total delay registering at 0.1505 s.,Offloading is performed with respect to the probability of packets being forwarded to NFV while the goal of optimization is to determine the offloa
NB-HPN-0169-q1,test,paper_0169,paper_0169__p004,True,1.0,We can now show that if R0 > A the K packets of the periodic stream will arrive at RCV with increasing OWDs while if R0 A the stream packets will encounter equal OWDs.,
NB-HPN-1414-q3,test,paper_1414,paper_1414__p003,True,1.0,the queue is sized as a constant proportion of the bandwidth-delay product we suggest 20% and 100% of the bandwidth-delay product roughly corresponding to conditions with small and large queues,
NB-HPN-1414-q3,test,paper_1414,paper_1414__p003,True,1.0,It is known that the ef ciency of standard TCP is in uenced by the queue provisioning within the network: for a single ow or with multiple synchronised ows link utilisation falls as the queue size is reduced below the delay-bandwidth product of a path.,
NB-HPN-1097-q2,test,paper_1097,paper_1097__p005,True,1.0,The coef cients are as follows: T =0 .0665N +1 6.5 2 implying that the per- le overhead is 66.5 ms,
NB-HPN-0027-q2,test,paper_0027,paper_0027__p003,True,1.0,Overall shared-memory improves performance by a factor of 2.63 on average compared to CMA.,
NB-HPN-1743-q1,test,paper_1743,paper_1743__p002,True,1.0,Concave utility functions ensure the optimization problem is tractable and has a unique global optimum,
NB-HPN-2329-q0,test,paper_2329,paper_2329__p000,True,1.0,Updating the Theory of Buffer Sizing BRUCE SPANG SERHAT ARSLAN and NICK MCKEOWN Routers have packet buffers to reduce packet drops during times of congestion. It is important to correctly size the buffer: make it too small and packets are d,
NB-HPN-1814-q1,test,paper_1814,paper_1814__p001,True,1.0,We observe that the buffer space needed by UDT 7 to achieve the peak performance increases as the RTT increases. This behav ior is different from traditional transport protocols such as T CP where the increase of buffer space does not signi cantly aff ect the transport performance after reaching a certain point su ch as the bandwidth-delay product BDP,
NB-HPN-1985-q2,test,paper_1985,paper_1985__p003,True,1.0,the time di erence coming from using a specialized data transfer protocol versus a remote-I/O protocol should be less than the overhead of extra read/write to the disk,
NB-HPN-1303-q1,test,paper_1303,paper_1303__p004,True,1.0,With GPFS a read workload can take advantage of read-ahead and caching to get above the storage network maximum.,
NB-HPN-1025-q1,test,paper_1025,paper_1025__p000,True,1.0,link-based signals often excel at controlling delay while queue-based signals are better for maximizing throughput.,
NB-HPN-0596-q1,test,paper_0596,paper_0596__p003,True,1.0,In order to keep pace with the growth of the sender s congestion window during slow-start the receiver should use the same doubling factor. Thus the receiver should advertis e a wind,
NB-HPN-2024-q1,test,paper_2024,paper_2024__p005,True,1.0,bulk data transfers using default TCP over end-to-end paths with 200 ms round-trip times RTTs are typically under 1 Gbps without manual tuning,
NB-HPN-0176-q2,test,paper_0176,paper_0176__p001,True,1.0,full pipe the total data in flight is equal to the BDP = BtlBw RTprop .,
NB-HPN-0591-q1,test,paper_0591,paper_0591__p004,True,1.0,If the threshold is too low the sender may abruptly drop the rate underutilizing the bottleneck link if the threshold is too high packets accumulate in the buffer increasing latency .,
NB-HPN-1116-q2,test,paper_1116,paper_1116__p001,True,1.0,Usually the bu er size is tuned as setting it to twice the value of bandwidth delay product BDP,
NB-HPN-0819-q1,test,paper_0819,paper_0819__p002,True,1.0,However TCP s congestion avoidance algorithm can lead to poor performance particularly in default configurations and on paths with high round trip times.,
NB-HPN-1539-q1,test,paper_1539,paper_1539__p004,True,1.0,In practice this option is supposed to be activated to deal with long-fat pipes by increasing the receiver window from 64KB per flow to up to 1GB per flow. However even in current low-latency DCNs with 10-100 Gbps interfaces the scaling remains a necessary element,
NB-HPN-0596-q2,test,paper_0596,paper_0596__p002,True,1.0,To obtain full throughput the advertised window must be at least as large as the delay-bandwidth product,
NB-HPN-0569-q2,test,paper_0569,paper_0569__p001,True,1.0,the duration of slow-start is roughly log2 ideal window size in M SS * RTT.,
NB-HPN-1801-q2,test,paper_1801,paper_1801__p005,True,1.0,Power is the bandwidth-window product t = b w t t f,
NB-HPN-1594-q1,test,paper_1594,paper_1594__p001,True,1.0,the state space of the dynamic programme corresponds to the possible outcomes of the d packets in ight for which no feedback is yet available the number of which grows combinatorially with d.,
NB-HPN-0850-q1,test,paper_0850,paper_0850__p001,True,1.0,To mitigate the incast congestion they reduce the clients receive socket buffer size to under 64kB.,
NB-HPN-0978-q0,test,paper_0978,paper_0978__p000,True,1.0,It is well known that TCP Reno cannot provide satisfactory performance on high-speed long-delay networks.,
NB-HPN-2367-q1,test,paper_2367,paper_2367__p002,True,1.0,the reduced size of RSS queues no more than 4K packets and packet I/O rings 17 enough to absorb only less than one millisecond of traf c at 10 Gbps.,
NB-HPN-1296-q2,test,paper_1296,paper_1296__p004,True,1.0,A report message is produced if the ratio between the accumulative latency penalty and the accumulative communication cost since the last report message exceeds a pre-de ned threshold .,
NB-HPN-0923-q1,test,paper_0923,paper_0923__p001,True,1.0,-subsystem interactions mean that such simple compositions can overestimate transfer rates.,
NB-HPN-1413-q1,test,paper_1413,paper_1413__p000,True,1.0,AI training and inference impose sustained fine-grain I/O that stresses host-mediated TCP-based storage paths.,
NB-HPN-1413-q1,test,paper_1413,paper_1413__p001,False,0.308,We offload the POSIX-compatible DFS DAOS File System client/data plane to an NVIDIA BlueField-3 SmartNIC 12 to reduce host involvement and enable stronger multi-tenant isolation.,We implement anRDMA-first POSIX-compatible DAOS client on an NVIDIA BlueField-3 SmartNIC separating a small gRPC control plane from a high-throughput data plane UCX 21 or libfabric 6 over RDMA or TCP and keeping the ho
NB-HPN-0163-q2,test,paper_0163,paper_0163__p003,True,1.0,Delay dropped packets and high latency can result due to buffer overflow and this impacts negatively against throughput and the overall,
NB-HPN-1526-q2,test,paper_1526,paper_1526__p002,True,1.0,Varying amounts of cross traffic drive loss rate into three different levels approximately 0.1% low-loss 1% medium-loss and 3% high-loss,
NB-HPN-1526-q2,test,paper_1526,paper_1526__p000,True,1.0,TCP was optimized for long transfers but most Web responses consists of an average of 8 Kilobytes that fit in a handful of packets.,
NB-HPN-1115-q1,test,paper_1115,paper_1115__p001,True,1.0,the full-scale peak compute performance increases by a factor of 7.4 from Titan 2013 to Summit 2018 and by a further factor of > 7.5 from Summit to Frontier planned 2021 . Conversely the parallel bandwidth increases from Titan to Summit by merely 2.5,
NB-HPN-1618-q1,test,paper_1618,paper_1618__p000,True,1.0,Our analysis shows that behavioral alignment across execution environments is not automatic: identical DualPI2 parameterization does not guarantee identical dynamics.,
NB-HPN-1618-q1,test,paper_1618,paper_1618__p001,True,1.0,We show that DualPI2 exhibits environment-dependent parameter sensitivity such that default configurations do not ensure cross-platform behavioral consistency.,
NB-HPN-0603-q1,test,paper_0603,paper_0603__p001,True,1.0,Throughput optimal policies are not intended to be used when packets have end-to-end deadlines and in fact the backpressure policy and its wireless version Q-CSMA have poor performance with respect to delay,
NB-HPN-0046-q1,test,paper_0046,paper_0046__p000,True,1.0,The principle cause of this is the concurrency explosion of high-end computation coupled with the complexity of providing parallel le systems that perform reliably at such scales.,
NB-HPN-0477-q3,test,paper_0477,paper_0477__p002,False,0.848,In each time slot that its queue is nonempty an uncooperative user transmits one packet on its assigned channel.,Instead in each time slot that its queue is nonempty an uncooperative user transmits one packet on its assigned channel. Packets arrive independently to
NB-HPN-1354-q2,test,paper_1354,paper_1354__p003,False,0.386,Data transfer jobs hang and stop responding due to resource starvation usually after 25-30 concurrent jobs.,Data transfer protocol adapts itself to the changing environment conditions such that data transfer rate is increased when communicating parties ar
NB-HPN-2342-q3,test,paper_2342,paper_2342__p002,True,1.0,Network ESnet provides connections with 100 Gbps bandwidth or more to many science facilities,
NB-HPN-2342-q3,test,paper_2342,paper_2342__p004,True,1.0,Both devices favor larger size I/O requests instead of small ones.,
NB-HPN-1969-q1,test,paper_1969,paper_1969__p002,False,0.413,This data is collected at the block device level on each storage server with output reported over 60-second intervals.,This information was then used to select an optimal subset of storage servers to write data to. Previous research in I/O variability has relied on case studie
NB-HPN-1969-q1,test,paper_1969,paper_1969__p001,True,1.0,we discuss the correlations observed and demonstrate the effect of measurement granularity on our results.,
NB-HPN-1438-q1,test,paper_1438,paper_1438__p003,True,1.0,high levels of concurrency can overwhelm end system and network resources by creating too many processes and network connections.,
NB-HPN-1438-q1,test,paper_1438,paper_1438__p003,True,1.0,While packet loss is below2% when concurrency is smaller than 10 it increases drastically and reaches to 10% for concurrency value of 32.,
NB-HPN-1103-q2,test,paper_1103,paper_1103__p001,True,1.0,Maestro generates an implementation based on a shared-nothing architecture wherein RSS is con gured to forward packets of the same ow to the same CPU core completely eliminating any inter-core coordination.,
NB-HPN-1103-q2,test,paper_1103,paper_1103__p002,True,1.0,To send for example packets of the same TCP ow to the same core one would con gure RSS to hash the source and destination IP addresses and TCP/UDP ports and the IP protocol number,
NB-HPN-1152-q1,test,paper_1152,paper_1152__p005,True,1.0,From this analysis we see that ack compression is an observed phenomenon and can be correlated with subsequent packet losses.,
NB-HPN-0570-q1,test,paper_0570,paper_0570__p001,True,1.0,In particular 5G has 3 more frequent handover HO and 1.87 longer duration per HO on average.,
NB-HPN-0570-q1,test,paper_0570,paper_0570__p000,True,1.0,Our empirical study reveals that coupling interaction among high mobility 5G handover characteristics and applications sluggish reaction to handover results in catastrophic damage to user experience: low TCP bandwidth utilization of 26.6%,
NB-HPN-0536-q3,test,paper_0536,paper_0536__p000,True,1.0,The Atlas project 19 for example must be able to reliably transfer over 2 Petabytes of data per year,
NB-HPN-0536-q3,test,paper_0536,paper_0536__p005,True,1.0,At some point however there is a knee in each curve where congestion effects begin to significantly affect the packet loss rate.,
NB-HPN-1080-q3,test,paper_1080,paper_1080__p004,True,1.0,In the case of small les parallelism may not give a good performance by itself however when used with pipelining its effects on the performance could be signi cant as long it does not cause pipelining to lose its effect due to division of small les into chunks by parallelism.,
NB-HPN-1414-q1,test,paper_1414,paper_1414__p001,True,1.0,More seriously performance issues relating to the inef ciency of the network stack implementation particularly in relation to SACK processing are known to have a signi cant impact on performan,
NB-HPN-2020-q1,test,paper_2020,paper_2020__p004,True,1.0,TCP reduces its packet transmission rate when it experiences losses which means that it tends to sample the RTT and packet loss processes less frequently when the path is congested. This is a very di erent sampling behavior thanthatof a utilitysuchas ping whichtypically sends periodicprobingpackets.,
NB-HPN-0094-q2,test,paper_0094,paper_0094__p005,True,1.0,Accurate predictions hold the potential to lower the regret bound. However a reduction in the regret bound does not automatically imply a decreased violation bound.,
NB-HPN-2204-q2,test,paper_2204,paper_2204__p001,True,1.0,we observe packet losses uncorrelated with delay that can significantly degrade FCT predictability.,
NB-HPN-2204-q2,test,paper_2204,paper_2204__p004,True,1.0,We refer to such losses as non-congestive as they are induced by short-term traffic burstiness rather than by sustained oversubscription of the reserved bandwidth.,
NB-HPN-0596-q3,test,paper_0596,paper_0596__p001,True,1.0,an analysis of how over-subscription of receiver buffers as suggested in 13 in conjunction with some bandwidth-intensive applications can lead to the starvation of competing connections.,
NB-HPN-0706-q1,test,paper_0706,paper_0706__p004,True,1.0,The reason is that a flow s share of the queue occupancy is proportional to its throughput independent of the elasticity of the cross traffic.,
NB-HPN-1398-q1,test,paper_1398,paper_1398__p004,True,1.0,Due to their coarse allocation of entire cores to I/O processing CPU resources can be either left idle when there is not enough I/O workload or become a bottleneck during bursty traf c.,
NB-HPN-2361-q1,test,paper_2361,paper_2361__p001,True,1.0,Stop when the throughput starts to decrease or increase very slowly comparing to the previous level,
NB-HPN-1425-q1,test,paper_1425,paper_1425__p000,True,1.0,high I/O variance co-exists with the fact that individual storage units remain under-utilized for the majority of the time.,
NB-HPN-1184-q2,test,paper_1184,paper_1184__p005,True,1.0,Coupling resulted in a small reduction in throughput but never more than 3%.,
NB-HPN-0316-q2,test,paper_0316,paper_0316__p005,True,1.0,At 100 Gbps the number of active flows significantly exceeds the number of queues only for loads above 85% and then only modestly,
NB-HPN-0316-q2,test,paper_0316,paper_0316__p004,True,1.0,Unlike PFC there is no HoL blocking or congestion spreading with per-hop per-flow flow control because switches isolate flows in different queues,
NB-HPN-1695-q3,test,paper_1695,paper_1695__p002,True,1.0,However parallel streams can drastically reduce throughput if the sending host is much faster than the receiving host.,
NB-HPN-1109-q1,test,paper_1109,paper_1109__p000,True,1.0,The scalability of distributed query processing is impaired by TCP overheads switchcontentionduetouncoordinatedcommunication and load imbalances resulting from the in exibilit,
NB-HPN-1109-q1,test,paper_1109,paper_1109__p002,True,1.0,In niBand 4 QDR hardware that o ers 32 the bandwidth of GbE,
NB-HPN-0595-q3,test,paper_0595,paper_0595__p000,True,1.0,the increasingly demanding performance expectations led by advancements in both hardware e.g. 100Gbps linkspeed network and software e.g. Intel DPDK support make the kernel-based TCP stack no longer a favorable option.,
NB-HPN-0595-q3,test,paper_0595,paper_0595__p004,True,1.0,When the bandwidth grows to 100Gbps or more the memory copy will take more than 40% CPU cycles and further incur the memory bandwidth bottleneck problem.,
NB-HPN-1367-q1,test,paper_1367,paper_1367__p000,True,1.0,BBR performance dropping to almost zero when CPU credit is low.,
NB-HPN-1367-q1,test,paper_1367,paper_1367__p000,False,0.455,In stark contrast to Cubic! - BBR throughput can break down during CPU contention,In this paper we develop a framework for measuring TCP throughput under fully controlled CPU contention which uses Linux 
NB-HPN-0194-q2,test,paper_0194,paper_0194__p005,True,1.0,Among 190 451 Multipath TCP connections we observe only 125 of them falling back to regular TCP,
NB-HPN-0176-q3,test,paper_0176,paper_0176__p005,True,1.0,75% of BBR connections were limited by the kernel s TCP receive buffer which the network operations team had deliberately set low 8MB to prevent CUBIC flooding the network,
NB-HPN-1687-q3,test,paper_1687,paper_1687__p001,True,1.0,The introduction of the virtualization layer increases the overhead in both queue scheduling and packet copy which leads a decrease of the forwarding performance.,
NB-HPN-0555-q2,test,paper_0555,paper_0555__p002,True,1.0,The throughput for the LONI and Teragrid transfers are around 600 Mbps for non-optimized single stream transfers and it increases when we use parallel streams to the range of 900-1100 Mbps. The bottleneck occurs due to single disk access on Lustre le system.,
NB-HPN-1537-q2,test,paper_1537,paper_1537__p000,True,1.0,The le transfer time can be thought of having two parts: a base time depending on the hardware and software involved and a congestion part due to uncontrollable interferences from other operations,
NB-HPN-1860-q1,test,paper_1860,paper_1860__p001,True,1.0,different from the single-path or multipath QoS routing issues such as 13 16 which only take the link-delay into account the transmission delay the time for uploading a le should also be considered in big- le transfer.,
NB-HPN-0117-q2,test,paper_0117,paper_0117__p002,True,1.0,Setting this delay to queuing delay plus the propagation time in the experiment is equivalent to RTT-based control loops described above.,
NB-HPN-2339-q1,test,paper_2339,paper_2339__p002,True,1.0,This is because transfers start with the TCP connection already open as opposed to going through slow start,
NB-HPN-2339-q1,test,paper_2339,paper_2339__p003,True,1.0,The TCP connection is persistent and does not go into slow start at the beginning of every request this is central to the Incast problem,
NB-HPN-2353-q1,test,paper_2353,paper_2353__p004,True,1.0,Our architecture reduces per-QP state to just 20 bytes: no retry counters timers reorder buffers or flow windows.,
NB-HPN-2353-q1,test,paper_2353,paper_2353__p005,True,1.0,This ordering assumption forces reliable transports to either buffer out-oforder packets e.g. with selective repeat or retransmit them e.g. with Go-Back-N introducing latency memory pressure,
NB-HPN-0406-q3,test,paper_0406,paper_0406__p003,True,1.0,Otherwise the throughput decrease is attributed to lack of transfer threads hence new threads are spawned and put into the pool.,
NB-HPN-1687-q1,test,paper_1687,paper_1687__p005,True,1.0,It can be seen from 3 that simply increasing the user-plane processing core does not always achieve the effect of forwarding performance improvement.,
NB-HPN-1103-q1,test,paper_1103,paper_1103__p001,True,1.0,When the NF is not compatible with such a model Maestro can still generate a parallel implementation where cores share state but accesses to that state are coordinated by a read-write locking mechanism,
NB-HPN-1103-q1,test,paper_1103,paper_1103__p003,True,1.0,Even when a sharednothing approach is not possible Maestro can still help by generating an optimized lock-based parallel implementation,
NB-HPN-0595-q0,test,paper_0595,paper_0595__p001,True,1.0,First LUNA uses the run-to-completion r2c thread model.,
NB-HPN-0649-q1,test,paper_0649,paper_0649__p000,True,1.0,arXiv:1101.0562v1 cs. NI 3 Jan 2011 1 Buffer Sizing for 802.11 Based Networks Tianji Li Douglas Leith David Malone National Maynoo th Ireland Email: tianji.li doug.leith david.malone nuim.ie Abstract We consider the sizing of network buffer,
NB-HPN-1446-q1,test,paper_1446,paper_1446__p002,True,1.0,However when dealing with datacenters that handle a high number of coflows techniques relying on linear programming relaxation may not be practical or feasible due to the high number of variables involved.,
NB-HPN-1977-q1,test,paper_1977,paper_1977__p003,True,1.0,The traffic pattern varies over time. For example the delay sensitive Online Transaction Processing OLTP workload usually appears at day time. While the workload is dominated by the Online Analytical Processing OLAP traffic at night,
NB-HPN-1977-q1,test,paper_1977,paper_1977__p003,True,1.0,Through an experiment we demonstrate that the fixed ECN parameters setting is not adaptive to satisfy the requirement of variable traffic patterns.,
NB-HPN-1676-q1,test,paper_1676,paper_1676__p000,True,1.0,The weighted throughput definition caters for aspects other than the mere channel utilization. It reduces to plain utilization normalized throughput when all weights are equal to 1.,
NB-HPN-1676-q1,test,paper_1676,paper_1676__p001,True,1.0,and this is obtained by weighting more lower index back-off slots i.e. stations get a higher reward if access is attempted early.,
NB-HPN-0684-q1,test,paper_0684,paper_0684__p005,True,1.0,increasing number of partitions to more than connectivity degree of datacenters may offer minor gains or even loss of performance,
NB-HPN-2032-q3,test,paper_2032,paper_2032__p002,True,1.0,GBR and ii besteffort. While the former is subject to a strict rate constrai nts and it is accommodated with higher priority the latter can b e served with the remaining resources,
NB-HPN-2201-q1,test,paper_2201,paper_2201__p004,True,1.0,Statistical multiplexing is particularly useful in the aggregation and core layers where capacity is higher and a larger number of services are using this part of the network. Conversely we can assume that no multiplexing is needed in the access layer.,
NB-HPN-0185-q1,test,paper_0185,paper_0185__p002,True,1.0,Concurrency is set to larger values for small les whereas for large les it is limited to smaller values as higher concurrency values might cause unfair usage of end-system and network resources.,
NB-HPN-0824-q1,test,paper_0824,paper_0824__p002,True,1.0,Compared to CX-7 RoCE Falcon achieves up to 8 lower completion times and up to 65% higher goodput under lossy conditions.,
NB-HPN-0824-q1,test,paper_0824,paper_0824__p003,True,1.0,The Packet Delivery layer PDL enforces delay-based congestion control CC paces traffic with the Timing Wheel and ensures rapid loss recovery with SACK all with multipathed connections.,
NB-HPN-1665-q3,test,paper_1665,paper_1665__p002,True,1.0,BBRv3 still experiences challenges in bandwidth sharing particularly among competing BBRv3 flows that start at different times or when competing against CUBIC flows in shallow-buffer scenarios where BBRv3 tends to dominate,
NB-HPN-1919-q1,test,paper_1919,paper_1919__p001,True,1.0,However excessive use of parallel streams can increase the packet loss rate dramatically causing the congestion avoidance algorithm of TCP to decrease the sending rate based on the losses encountered.,
NB-HPN-0897-q1,test,paper_0897,paper_0897__p005,True,1.0,To prevent further extending a high density data train we will introdu,
NB-HPN-0897-q1,test,paper_0897,paper_0897__p002,True,1.0,devising a method for the controlled transmission of additional data packets to prevent negative consequences such as short-term bursts of packets and packet loss.,
NB-HPN-1819-q1,test,paper_1819,paper_1819__p001,True,1.0,the elephant flows tend to dominate causing unfairness and queue build-up at the router while the mice flows face starvation due to the unintended shift in the operating point due to the overestimation.,
NB-HPN-1819-q1,test,paper_1819,paper_1819__p005,True,1.0,BBRv2 presents highly suppressed mice flows by elephant flows with an average throughput ratio of 1.44 between the two competing flows,
NB-HPN-1413-q3,test,paper_1413,paper_1413__p002,True,1.0,RDMA enables low-latency zero-copy data transfer by granting peers direct memory access viarkeysissued at memory registration. Possession of a valid rkey along with the target address allows remote read/write without CPU involvement,
NB-HPN-1413-q3,test,paper_1413,paper_1413__p002,True,1.0,Cross-tenant access:Misconfiguration overly broad memory regions or rkey leakage can let one tenant,
NB-HPN-1331-q0,test,paper_1331,paper_1331__p002,True,1.0,Window fairness is achieved when the Perron eigenvector xp is a scalar multiple of the vector 1 ::: 1,
NB-HPN-1680-q1,test,paper_1680,paper_1680__p003,True,1.0,Too aggressive reduction of parameters can reduce performance. When congestion is over transfer needs a longer time to reach the optimal level again.,
NB-HPN-2153-q1,test,paper_2153,paper_2153__p001,True,1.0,Note that simply splitting the traf c for each UE equally over the 802.11 and LTE networks would yield rates of 5.46Mbps and 29.9Mbps i.e. worse for both users than the optimised allocation.,
NB-HPN-1927-q0,test,paper_1927,paper_1927__p004,True,1.0,Since fair resource sharing requires the second derivation of the utility function to be negative u cannot guarantee fairness between competing transfers since its second derivative is 0.,
NB-HPN-2351-q1,test,paper_2351,paper_2351__p000,True,1.0,This improves both reliability and performance by eliminating single points of failure and overcoming single system bottlenecks.,
NB-HPN-2351-q1,test,paper_2351,paper_2351__p004,True,1.0,Parallelization also increases the aggregate CPUs memory I/O bandwidth and network bandwidth available for the transfer which provides increased performance when all components are functioning properly.,
NB-HPN-0819-q0,test,paper_0819,paper_0819__p002,True,1.0,Such an expression can also expose opportunities for optimization that might not be apparent in a set of point-to-point transfers. Thus we wish to treat striped transfers as collective operations.,
NB-HPN-1927-q2,test,paper_1927,paper_1927__p001,True,1.0,transferring one le at-a-time i.e. concurrency =1 approach obtains around 8 Gbps 18 Gbps and 2 Gbps throughput in HPCLab ESnet and XSEDE networks respectively,
NB-HPN-1927-q2,test,paper_1927,paper_1927__p001,True,1.0,However transferring multiple les simultaneously increases the throughput to around 30 Gbps in HPCLab and XSEDE networks,
NB-HPN-1303-q2,test,paper_1303,paper_1303__p004,True,1.0,The ION to storage network supports approximately 350 MiB/s,
NB-HPN-1303-q2,test,paper_1303,paper_1303__p004,True,1.0,The theoretical maximum performance for a 40 960-node 163 840process job is,
NB-HPN-1116-q0,test,paper_1116,paper_1116__p000,True,1.0,Parallel streams tend to recover from failures quicker and are more likely to steal bandwidth from the other streams sharing the network.,
NB-HPN-2166-q0,test,paper_2166,paper_2166__p002,True,1.0,The effect of N parallel streams is to reduce the bandwidth-delay product experienced by a single stream by a factor of N because they all share the single-stream bandwidth,
NB-HPN-1183-q3,test,paper_1183,paper_1183__p005,True,1.0,For the large dataset shown in Figure 4 d parallelism increases the throughput by 8% when its value is increased from 1 to 4. However when parallelism is set to a level higher than 4 then the throughput decreases an in turn triggers an increase in power consumption.,
NB-HPN-0348-q1,test,paper_0348,paper_0348__p001,True,1.0,the performance impact of variability at high concurrency can be quite la,
NB-HPN-0348-q1,test,paper_0348,paper_0348__p004,True,1.0,Any variability leading to a slowdown in point-to-point communication would be reflected in a collective slowdown that increases with concurrency.,
NB-HPN-0104-q2,test,paper_0104,paper_0104__p000,True,1.0,We reduce the inference time of RL-CC by x500 by distilling its complex neural network into decision trees.,
NB-HPN-0824-q0,test,paper_0824,paper_0824__p004,True,1.0,We further adapted RACK-TLP 17 Recent Acknowledgment - Tail Loss Probe for Falcon s hardware because time-based differentiation between packet loss and reordering speeds recovery especially for losses at the end of data bursts.,
NB-HPN-1594-q0,test,paper_1594,paper_1594__p002,True,1.0,Alternatively suppose that the n k coded packets are distributed uniformly among the information packets rather than all being placed after the k information packets,
NB-HPN-0885-q1,test,paper_0885,paper_0885__p001,True,1.0,A max batch processing size greater than 32 does not result in signi cant gain in either costs per packet or saturation throughput but increases latency.,
NB-HPN-2151-q1,test,paper_2151,paper_2151__p004,True,1.0,This situation is prevented by early multiplexing of incoming packets prioritized execution of the rest of the protocol stack in the context of the receiving process and thus enabling early discarding of packets on congested paths.,
NB-HPN-1054-q0,test,paper_1054,paper_1054__p001,True,1.0,To further reduce signaling delay SFC caches the remote congestion information carried by BTS packets at the senderside Top-of-Rack ToR switches which then uses the cached information to instantly pause control new flows heading to the cached congestion points.,
NB-HPN-0412-q1,test,paper_0412,paper_0412__p005,True,1.0,As the average le size of a chunk increases we decrease the pipelining value since it does not improve performance any more and rather it can cause performance degradation by decreasing e ects of concurrency.,
NB-HPN-1242-q1,test,paper_1242,paper_1242__p004,True,1.0,The segment size is reduced below 1 MSS if the vwnd is smaller than 1,
NB-HPN-1887-q1,test,paper_1887,paper_1887__p003,True,1.0,It could even cause performance degradation and redundant power consumption by poorly utilizing the network and system resources.,
NB-HPN-1568-q1,test,paper_1568,paper_1568__p003,True,1.0,The current collective I/O implementation from ROMIO two-phase I/O 8 does not leverage information such as load or faults in order to adapt to run-time conditions and improve performance or avoid failures.,
NB-HPN-1568-q1,test,paper_1568,paper_1568__p003,True,1.0,In particular this implementation leverages CLARISSE control for dynamically removing a loaded server from the data path and continuing operation.,
NB-HPN-2175-q3,test,paper_2175,paper_2175__p001,True,1.0,For TCP CUBIC we observe that instability can be introduced by deviating the initial conditions too far from their xed-point values. While our analysis states that CUBIC is locally asymptotically stable these simulations complement the theory by demonstrating that CUBIC is not globally stable.,
NB-HPN-0476-q3,test,paper_0476,paper_0476__p000,True,1.0,In network systems with large-scale nodes and links how to allocate traffic in real-time when both data transmission demands and link connections vary dynamically over time,
NB-HPN-0094-q3,test,paper_0094,paper_0094__p003,True,1.0,Variations in the user density and arrival tasks necessitate SDN controller-driven slice reconfigurations incurring associated slice reconfiguration costs,
NB-HPN-0170-q3,test,paper_0170,paper_0170__p001,True,1.0,for a user device this can mean migrating to another network or modifying some application-level parameters,
NB-HPN-0027-q3,test,paper_0027,paper_0027__p004,True,1.0,even though the bandwidth penalty would be reduced on a projected segment the projection cost would remain particularly for applications that frequently change buffers over time.,
NB-HPN-1539-q3,test,paper_1539,paper_1539__p004,True,1.0,In practice this option is supposed to be activated to deal with long-fat pipes by increasing the receiver window from 64KB per flow to up to 1GB per flow.,
NB-HPN-1109-q3,test,paper_1109,paper_1109__p004,True,1.0,However TCP throughput increases by a further 44% to 2.17GB/s when the network thread is explicitly pinned to a di erent core. While this improves performance it also adds to the CPU overhead as now two cores are used.,
NB-HPN-0369-q3,test,paper_0369,paper_0369__p000,True,1.0,POWER TCP reduces tail flow completion times of short flows by 80% compared to DCQCN and TIMELY and by 33% compared to HPCC even at 60% network load.,
NB-HPN-0187-q3,test,paper_0187,paper_0187__p003,True,1.0,executing unlimited recurrence of RNN time steps via a sliding window mechanism that recurrently processes fixed-length packets segments.,
NB-HPN-0187-q3,test,paper_0187,paper_0187__p004,True,1.0,realizing a single popcnt operation for a 128bit string takes 14 switch stages.,
NB-HPN-1425-q3,test,paper_1425,paper_1425__p005,True,1.0,First it enables the I/O-aware scheduler to estimate how many OSTs an application uses and assess the chance of two such applications stepping on each other s toes,
NB-HPN-1811-q3,test,paper_1811,paper_1811__p004,True,1.0,the transmissions in a collision component Cm x are synchronized i.e. the links in Cm x must have started transmitting at the same time and will end transmitting at the same time,
NB-HPN-1811-q3,test,paper_1811,paper_1811__p003,True,1.0,The above model is almost time-reversible such that a simple throughput formula can be derived.,
NB-HPN-1913-q3,test,paper_1913,paper_1913__p002,True,1.0,The disks can be ruled out by using much faster devices such as SSDs or local memory or by asking the le system to throw away any incoming data instead of storing it. Another option is to turn off the synchronization of data les in the le system,
NB-HPN-0513-q3,test,paper_0513,paper_0513__p002,True,1.0,To design a scalable system we employ a fully cooperative notion of multi-agent RL in which all agents operate in the same environment and work for achieving a long-term common goal,
NB-HPN-2155-q3,test,paper_2155,paper_2155__p004,True,1.0,such opportunistic transfers start only when the cost to move data is strictly smaller than the di erence in computational costs.,
NB-HPN-2291-q3,test,paper_2291,paper_2291__p002,True,1.0,When two or more users transmit in the same channel they experience a collision. In this paper collisions result in reward loss for all colliding users,
NB-HPN-1648-q1,test,paper_1648,paper_1648__p001,True,1.0,connection splitting eliminates the need to operate normal TCP congestion control throughout the path allowing the deployment of a more suitable congestion control mechanism on the wireless segment only.,
NB-HPN-1648-q1,test,paper_1648,paper_1648__p001,True,1.0,has a low deployment barrier e.g. by not requiring to update every router along the path.,
NB-HPN-2204-q1,test,paper_2204,paper_2204__p001,True,1.0,the superior performance of Remote Direct Memory Access RDMA over Converged Ethernet RoCEv2 2 has been clearly proven in private HP-W AN setups 3 but cannot be reproduced in the public case where the user cannot fine-tune the network parameters for the mandatory lossless operation of RoCEv2 4,
NB-HPN-1594-q3,test,paper_1594,paper_1594__p003,False,0.44,The coding window could be reduced by setting L as the last packet acknowledged by the receiver.,The use of feedba ck in ARQ has of course been well studied but primarily in the case of instantaneous feedback i.e. where there is no d
NB-HPN-0404-q3,test,paper_0404,paper_0404__p002,True,1.0,three LTE cellular traces stationary walking and driving scenarios as LTE#1 LTE#3 with 30ms minimum RTT and 150KB buffer.,
NB-HPN-0404-q3,test,paper_0404,paper_0404__p003,True,1.0,Orca and Proteus exhibit a highly variable performance in our repeated experiments failing to provide safety assurance.,
NB-HPN-1109-q0,test,paper_1109,paper_1109__p002,True,1.0,In niBand o ers the choice between two transport protocols: TCP via IP over In niBand IPoIB and the native In niBand ibverbs interface for remote direct memory access RDMA .,
NB-HPN-2175-q0,test,paper_2175,paper_2175__p000,True,1.0,propose a general modeling scheme consisting of a set of functional di erential equations of retarded type RFDEs,
NB-HPN-2323-q0,test,paper_2323,paper_2323__p001,True,1.0,Some transfers such as those in which remote analysis result of one experiment is used to guide the next are time-critical and have tight constraints. In contrast some transfers such as certain data replication backup and archiving use cases have more flexibility,
NB-HPN-1303-q0,test,paper_1303,paper_1303__p002,True,1.0,Application-level characterization is critical because it captures I/O access patterns before they are altered by high-level libraries or le systems.,
NB-HPN-1897-q0,test,paper_1897,paper_1897__p000,True,1.0,The biggest challenge in providing these estimation capabilities is the dynamic decision of what propo,
NB-HPN-1897-q0,test,paper_1897,paper_1897__p002,True,1.0,NWS has a default probe size of 64 kB. Their overhead lies in the number of probes they use until they can get a converged bandwidth value.,
NB-HPN-1483-q0,test,paper_1483,paper_1483__p003,True,1.0,The independent set specifies the links on each channel that can transmit without causing interference.,
NB-HPN-1298-q0,test,paper_1298,paper_1298__p002,True,1.0,The agent can only observe information relevant to the ow it controls. In this work we consider the ow s transmission rate and the RTT measurement.,
NB-HPN-1695-q0,test,paper_1695,paper_1695__p001,True,1.0,TCP uses what it calls the congestion window or CWND to determine how many packets can be sent before waiting for an acknowledgement. The larger the congestion window size the higher the throughput.,
NB-HPN-1682-q0,test,paper_1682,paper_1682__p000,True,1.0,Interpath contention is a phenomenon experienced in a MultiPath TCP MPTCP connection when its sub ows dispute resources of shared bottlenecks in end-to-end paths.,
NB-HPN-1097-q0,test,paper_1097,paper_1097__p000,True,1.0,File transfer tools typically deliver the highest performance for datasets with a small number of large les but many science datasets consist of many small les.,
NB-HPN-1969-q0,test,paper_1969,paper_1969__p000,True,1.0,Storage resources in high-performance computing are shared across all user applications. Consequently storage performance can vary markedly depending not only on an application s workload but also on what other activity is concurrently running across the system.,
NB-HPN-1298-q2,test,paper_1298,paper_1298__p003,True,1.0,we de ne the next transmission rate ratet+1 as a multiplication of the previous rate with the action. I.e. ratet+1 = at ratet where in our experiments at 0:8 1:2 .,
NB-HPN-1985-q0,test,paper_1985,paper_1985__p000,True,1.0,Stork treats data resources and the tasks related to data access and movement as rst class entities just like computational resources and compute tasks and not simply the side e ect of computation.,
NB-HPN-2216-q2,test,paper_2216,paper_2216__p001,True,1.0,the size of switch memory is very limited e.g. 10MB on Intel Tofino switch 7,
NB-HPN-2216-q2,test,paper_2216,paper_2216__p001,True,1.0,if SwitchML is enabled it requires approximately 1MB of switch memory under 100Gbps link bandwidth,
NB-HPN-0885-q0,test,paper_0885,paper_0885__p000,True,1.0,TSINGHUA SCIENCE AND TECHNOLOGY IS SNll1007-0214 04/15 pp426 439 Volume 26 Number 4 August 2021 C The author s 2021. The articles published in this open access journal are distributed under the terms of the Creative Commons Attribution 4.0 ,
NB-HPN-2093-q1,test,paper_2093,paper_2093__p001,True,1.0,Since a user of a DC-DC application is a machine only the applicaitonlevel performance is focused on. Whereas since a user of a DC-CE application is a human being the subjective performance should be focused on as well as the applicaiton-level performance.,
NB-HPN-2152-q0,test,paper_2152,paper_2152__p000,True,1.0,Although increased number of parallel streams may yield much better performance than using a single stream overwhelming the network by opening too many streams may ha,
NB-HPN-1627-q0,test,paper_1627,paper_1627__p002,True,1.0,the BBR algorithm uses a xed paci ng gain rate of 1.25 to probe up for more available bandwidth and 0.75 pacing rate to probe down to eliminate both bu er and link queue generated du ring probe up session.,
NB-HPN-0088-q0,test,paper_0088,paper_0088__p003,True,1.0,TR identifies flow types by countinghowmuchdatahasbeensent.whentheamount of data has been sent in a flow exceeds a threshold of 100KB it is identified as a long flow.,
NB-HPN-2135-q0,test,paper_2135,paper_2135__p000,True,1.0,Existing solutions often require specialized hardware or offer limited runtime configuration options.,
NB-HPN-2135-q0,test,paper_2135,paper_2135__p003,True,1.0,The INTManager provides the API for the configuration of the Source/Sink/Inter elements as well as the control structure with monitoring rule specification and temporary telemetry storage.,
NB-HPN-0519-q0,test,paper_0519,paper_0519__p000,True,1.0,when the data is partitioned into many small files instead of few large files it suffers from lower transfer rates. The latency between the serialized transfer requests of each file directly detracts from the amount of time data pathways are active thus lowering achieved throughput.,
NB-HPN-1910-q0,test,paper_1910,paper_1910__p002,True,1.0,if a small flow experiences a loss that cannot be recovered by 3-dup ACKs called hereafter a Non-Recoverable Loss or NRL then it has a high chance of missing for example the service level agreement on the deadlines e.g. 100ms .,
NB-HPN-1650-q0,test,paper_1650,paper_1650__p000,True,1.0,To understand I/O performance of data-intensive applications in realistic computational settings we develop a lightweight portable benchmark called MADbench2 which is derived directly from a large-scale Cosmic Microwave Background CMB data analysis package.,
NB-HPN-1650-q0,test,paper_1650,paper_1650__p002,True,1.0,All the redundant scienti c detail has been removed but the full computational complexity in calculation communication and I/O has been retained.,
NB-HPN-1379-q0,test,paper_1379,paper_1379__p001,True,1.0,BBR exponentially increases the sending rate with a pacing gain of 2/ln2 to probe available capacity. It stops when delivery rate fails to substantially grow less than 1.25 times over three RTTs. B. Drain Upon filling queues BBR enters drain state to clear the excessive packets in the queue,
NB-HPN-0406-q0,test,paper_0406,paper_0406__p004,True,1.0,To permit recovery from such situations we use a lightweight checkpoint-based error recovery mechanism.,
NB-HPN-0644-q0,test,paper_0644,paper_0644__p001,True,1.0,In this paper we address the problem of maximizing the Co ow Acceptance Rate CAR in which each co ow is subject to a completion time deadline.,
NB-HPN-0954-q0,test,paper_0954,paper_0954__p000,True,1.0,Incast is a phenomenon when multiple devices interact with only one device at a given time. Multiple storage senders over ow either the switch buffer or the single-receiver memory. This pattern causes all concurrent-senders to stop and wait for buffer/memory availability and leads to a packet loss and retransmission resulting in a huge latency.,
NB-HPN-0269-q0,test,paper_0269,paper_0269__p000,True,1.0,Delaying the tran sfer of bulk data to off-peak hours by temporarily storing transfer at edge of the network can help reduce bandwidth contention during peak hours and improve overall bandwidth utilization and network utility.,
NB-HPN-1618-q0,test,paper_1618,paper_1618__p002,True,1.0,The design of the Dual Queue Coupled DQC AQM specified in RFC 9332 67 and depicted in Fig. 1 isolates traffic by way of two queues: a classic C queue serving legacy congestion-controlled flows and an L4S L queue for flows employing scalable congestion control.,
NB-HPN-0850-q0,test,paper_0850,paper_0850__p000,True,1.0,TCP incast congestion happens in high-bandwidth and low-latency networks once multiple synchronized servers send data to identical receiver in parallel.,
NB-HPN-0853-q0,test,paper_0853,paper_0853__p001,True,1.0,In addition users provide a NetFilter to specify the computation with INC in terms of five reliable INC primitives RIPs . RIPs implement high-level operations on IEDTs,
NB-HPN-0732-q0,test,paper_0732,paper_0732__p000,True,1.0,By grouping flows in a hierarchical manner HCC enables flow cooperation and information sharing leading to expanded visibility for flows improved fairness and faster convergence.,
NB-HPN-1466-q0,test,paper_1466,paper_1466__p000,True,1.0,The rst one computes backup forwarding rules in the control plane satisfying max-min fair allocation. The second mechanism provides FRR in the data plane.,
NB-HPN-1466-q0,test,paper_1466,paper_1466__p001,True,1.0,The rst one is a control plane-based mechanism that preserves QoS requirements using max-min fair allocation i.e. traf c engineering . The second one provides low-latency FRR in the data plane.,
NB-HPN-1296-q3,test,paper_1296,paper_1296__p004,True,1.0,A report message is produced if the ratio between the accumulative latency penalty and the accumulative communication cost since the last report message exceeds a pre-de ned threshold .,
NB-HPN-2290-q0,test,paper_2290,paper_2290__p000,True,1.0,We propose a new approach to TE with elastic demands which models the interaction between the network operator and the end-to-end congestion control scheme as a Stackelberg game .,
NB-HPN-1413-q0,test,paper_1413,paper_1413__p000,True,1.0,ROS2 separates a lightweight control plane gRPC for namespace and capability exchange from a high-throughput data plane UCX/libfabric over RDMA or TCP and removes host mediation from the data path.,
NB-HPN-1025-q0,test,paper_1025,paper_1025__p000,True,1.0,for the average case sophisticated In-Network Telemetry INT offers minimal performance benefits over traditional end-to-end E2E signals with performance typically within 3%.,
NB-HPN-1312-q0,test,paper_1312,paper_1312__p001,True,1.0,Since ECC falls short identify and recover from many types of undetected write errors most modern le systems rely on checksumming which computes and stores a unique hash value for each data block,
NB-HPN-0534-q1,test,paper_0534,paper_0534__p001,True,1.0,the user-level processing incurred by UDT consumes many more resources than does a TCP connection for the same data rate effectively preventing the widespread realization of UDT benefits.,
NB-HPN-2032-q0,test,paper_2032,paper_2032__p000,True,1.0,This paper proposes a novel semi-distributed and practical ICIC scheme based on the Almost Blank SubFrame ABSF approach speci ed by 3GPP .,
NB-HPN-0649-q0,test,paper_0649,paper_0649__p000,True,1.0,arXiv:1101.0562v1 cs. NI 3 Jan 2011 1 Buffer Sizing for 802.11 Based Networks Tianji Li Douglas Leith David Malone National Maynoo th Ireland Email: tianji.li doug.leith david.malone nuim.ie Abstract We consider the sizing of network buffer,
NB-HPN-1937-q0,test,paper_1937,paper_1937__p000,True,1.0,The traditional notion of resource pooling which implies complete sharing need not have this property. For example under full pooling one of the providers may be worse o and hence have no incentive to participate.,
NB-HPN-0824-q2,test,paper_0824,paper_0824__p005,True,1.0,The bitmap size balances hardware implementation feasibility and ACK overhead 128-bit bitmaps worked well for our use cases.,
NB-HPN-1903-q0,test,paper_1903,paper_1903__p003,True,1.0,it is sufficient for the switch to overwrite the Rwnd field in the TCP ACK headers to indicate the bottleneck fair share of the bandwidth and buffer available for each flow sharing the same output port.,
NB-HPN-0738-q0,test,paper_0738,paper_0738__p000,True,1.0,A hybrid approach combines proactive and reactive methods: secondary paths are pre-installed proactively for immediate failover during primary link failures while new alternative paths are dynamically calculated in real-time reactively,
NB-HPN-0035-q0,test,paper_0035,paper_0035__p005,True,1.0,by using the theory of CGs we are able to i demonstrate the existence and uniqueness of the Nash equilibrium NE associated to the CG ii prove that its Price of Anarchy PoA is limited to 3/2,
NB-HPN-1211-q0,test,paper_1211,paper_1211__p003,True,1.0,The latter scenario is similar to the use of parallelism except that concurrency involves multiple processes whereas parallelism involves multiple connections.,
NB-HPN-0600-q0,test,paper_0600,paper_0600__p000,True,1.0,The basic idea behind PSockets is to exploit network striping. By network striping we mean striping partitioned data across several open sockets.,
NB-HPN-0600-q0,test,paper_0600,paper_0600__p002,True,1.0,Enabling RFC 1323 on a system has to be done by the system administrators at both ends and not by the application. This could typically take a few days or sometimes even weeks.,
NB-HPN-1482-q1,test,paper_1482,paper_1482__p001,True,1.0,However this method cannot exploit the statistical multiplexing of the information ows and consequently may lead to greater over-provisioning costs and low utilization of the available resources.,
NB-HPN-0932-q0,test,paper_0932,paper_0932__p000,True,1.0,We argue the TCP family has little hope of achieving consistent high performance due to a fundamental architectural de ciency: hardwiring packet-level events to control responses.,
NB-HPN-0932-q0,test,paper_0932,paper_0932__p002,True,1.0,the approach still hardwires predetermined events to predetermined control responses thus inevitably embedding unreliable assumptions about the network.,
NB-SYN-1135-2109,synthesis,paper_2109,paper_2109__p001,True,1.0,when several concurrent applications access a shared parallel le system in an uncoordinated manner storage servers have to deal with interleaved requests coming from different sources which often break the access pattern optimized by each application individual,
NB-SYN-1135-2109,synthesis,paper_1135,paper_1135__p002,True,1.0,is that continued scaling can ultimately be limited by metadata server performance which is notoriously slow. A more serious problem is that this approach does not scale and leads to a data management nightmare. Tens or hundreds of,
NB-SYN-2075-2370,synthesis,paper_2075,paper_2075__p003,True,1.0,as T = A x + B 1 where T is the TCP ow duration including both startup overhead and data transfer time x is the TCP,
NB-SYN-2075-2370,synthesis,paper_2370,paper_2370__p002,True,1.0,We see that all edges are consistent with . 3.2 Extending the model to other endpoints Of the 46K unique edges in the Globus log records studied here 36 599 had been used for only a single transfer 16 562 for 10 transfers 2 496 for 100 transfers and 182 for 1000 transfers. We focus in this work on the 2 496 edges with 100 transfers. For most of these endpoints we cannot get the access that would be required to measure DRmax DW max and MMmax information that is also not measur,
NB-SYN-1379-1702,synthesis,paper_1702,paper_1702__p000,True,1.0,Scalable-TCP HS-TCP FAST-TCP and BIC-TCP all exhibit much greater RTT unfairness than does standard TCP to the extent that long RTT ows may be completely starved of bandwidth.,
NB-SYN-1379-1702,synthesis,paper_1379,paper_1379__p000,True,1.0,BBR Fairness Evaluation Using NS-3 Linchuan Tang Abstract This paper evaluates the fairness of BBR congestion control using NS-3 simulator. While BBR improves performance over loss-based methods in single flows unfairness issues emerge with,
NB-SYN-0819-2152,synthesis,paper_2152,paper_2152__p000,True,1.0,network by opening too many streams may have an inverse effect. The congestion created by excess number of streams may cause a drop down in,
NB-SYN-0819-2152,synthesis,paper_0819,paper_0819__p002,True,1.0,TCP s congestion avoidance algorithm can lead to poor performance particularly in defau,
NB-SYN-0819-2152,synthesis,paper_0819,paper_0819__p003,True,1.0,However manually setting TCP buffer/window sizes is an error-prone process particularly for non-experts and is often simply not done.,
NB-ADV-M006-1627,adversarial,paper_1627,paper_1627__p000,True,1.0,BBR-With Adaptive Pacing Gain Rates BBR-APG : An improved TCP-BBR Congestion Control Algorithm on RTT Fairness Design Problem Charles Kihungi Njogu Central Wang,
NB-ADV-M006-1627,adversarial,paper_1627,paper_1627__p002,True,1.0,we found that during the probebw phase the BBR algorithm uses a xed paci ng gain rate of 1.25 to probe up for more available bandwidth and 0.75 pacing rate to probe down to eliminate both bu er and link queue generated du ring probe up session.,
NB-ADV-M002-1331,adversarial,paper_1331,paper_1331__p002,True,1.0,TCPows that = 2 1  any new protocol operating an AIMD variant that satis es i = 2 1  i will be both fair and TCP-friendly,
NB-ADV-M002-1331,adversarial,paper_1331,paper_1331__p002,True,1.0,Fairness and friendliness: Window fairness is achieved when the Perron eigenvector xp is a scalar multiple of the vector 1 ::: 1,
NB-ADV-M010-1853,adversarial,paper_1853,paper_1853__p002,True,1.0,The infrastructure takes into account that the disk and memory characteristics change less frequently and the network characteristics change more frequently.,
NB-ADV-M012-0923,adversarial,paper_0923,paper_0923__p001,True,1.0,subsystem interactions mean that such simple compositions can overestimate transfer rates. For example for wide-area le transfers over 10 Gbps networks with les stored in Lustre lesystems and striped across 8 storage servers accessed with 8 MB buffers and with 8 I/O 2016 IEEE 18th International Conference on High Performance Computing and Communications IEEE 14th International Conference on Smart City IEEE 2nd International Conference on Data Science and Systems 978-1-5090-42,
NB-ADV-M002-0765,adversarial,paper_0765,paper_0765__p000,True,1.0,If the network bottleneck is fully utilized this approach boosts throughput by unfairly stealing bandwidth from competing TCP streams.,
NB-ADV-M002-0765,adversarial,paper_0765,paper_0765__p001,True,1.0,However when the network was fully utilized parallel TCP could improve performance only by unfairly stealing bandwidth from competing traf c.,
NB-ADV-M003-1927,adversarial,paper_1927,paper_1927__p000,True,1.0,researchers extended the legacy transfer applications to increase their performance by exploiting I/O and network parallelism,
NB-ADV-M003-1927,adversarial,paper_1927,paper_1927__p001,True,1.0,1 shows that transferring one le at-a-time i.e. concurrency =1 approach obtains around 8 Gbps 18 Gbps and 2 Gbps throughput in HPCLab ESnet and XSEDE networks respectively mainly due to read or write I/O limitations,
NB-ADV-M005-1657,adversarial,paper_1657,paper_1657__p002,True,1.0,Block-level pipelining can reduce the gap between the data transfer time and data checksum time because le-level pipelining overlaps two operations for two different les.,
NB-ADV-M012-2024,adversarial,paper_2024,paper_2024__p003,True,1.0,The short-term data rate of 1-terabyte/hour 2.4 Gbps is achievable today using host-to-host memory transfers and disk-to-disk data and file transfers over the current infrastructures.,
