question_id,cluster_id
NB-ADV-M002-0765,paper_0765
NB-ADV-M002-1331,paper_1331
NB-ADV-M003-1927,paper_1927
NB-ADV-M005-1657,paper_1657
NB-ADV-M006-1627,paper_1627
NB-ADV-M010-1853,paper_1853
NB-ADV-M012-0923,paper_0923
NB-ADV-M012-2024,paper_2024
NB-HPN-0026-q1,paper_0026
NB-HPN-0027-q2,paper_0027
NB-HPN-0027-q3,paper_0027
NB-HPN-0035-q0,paper_0035
NB-HPN-0037-q0,paper_0037
NB-HPN-0046-q0,paper_0046
NB-HPN-0046-q1,paper_0046
NB-HPN-0088-q0,paper_0088
NB-HPN-0094-q3,paper_0094
NB-HPN-0104-q2,paper_0104
NB-HPN-0117-q2,paper_0117
NB-HPN-0155-q0,paper_0155
NB-HPN-0159-q0,paper_0159
NB-HPN-0163-q2,paper_0163
NB-HPN-0169-q1,paper_0169
NB-HPN-0170-q3,paper_0170
NB-HPN-0176-q1,paper_0176
NB-HPN-0176-q2,paper_0176
NB-HPN-0176-q3,paper_0176
NB-HPN-0178-q0,paper_0178
NB-HPN-0178-q1,paper_0178
NB-HPN-0185-q1,paper_0185
NB-HPN-0187-q3,paper_0187
NB-HPN-0194-q2,paper_0194
NB-HPN-0216-q1,paper_0216
NB-HPN-0269-q0,paper_0269
NB-HPN-0316-q2,paper_0316
NB-HPN-0316-q3,paper_0316
NB-HPN-0320-q0,paper_0320
NB-HPN-0322-q1,paper_0322
NB-HPN-0348-q1,paper_0348
NB-HPN-0369-q3,paper_0369
NB-HPN-0404-q3,paper_0404
NB-HPN-0406-q0,paper_0406
NB-HPN-0406-q3,paper_0406
NB-HPN-0412-q1,paper_0412
NB-HPN-0428-q1,paper_0428
NB-HPN-0476-q3,paper_0476
NB-HPN-0477-q3,paper_0477
NB-HPN-0513-q0,paper_0513
NB-HPN-0513-q3,paper_0513
NB-HPN-0519-q0,paper_0519
NB-HPN-0534-q1,paper_0534
NB-HPN-0536-q1,paper_0536
NB-HPN-0536-q3,paper_0536
NB-HPN-0555-q1,paper_0555
NB-HPN-0555-q2,paper_0555
NB-HPN-0569-q2,paper_0569
NB-HPN-0570-q1,paper_0570
NB-HPN-0591-q1,paper_0591
NB-HPN-0595-q0,paper_0595
NB-HPN-0595-q3,paper_0595
NB-HPN-0596-q1,paper_0596
NB-HPN-0596-q2,paper_0596
NB-HPN-0596-q3,paper_0596
NB-HPN-0600-q0,paper_0600
NB-HPN-0603-q1,paper_0603
NB-HPN-0644-q0,paper_0644
NB-HPN-0649-q0,paper_0649
NB-HPN-0649-q1,paper_0649
NB-HPN-0667-q1,paper_0667
NB-HPN-0684-q1,paper_0684
NB-HPN-0706-q1,paper_0706
NB-HPN-0732-q0,paper_0732
NB-HPN-0732-q1,paper_0732
NB-HPN-0733-q1,paper_0733
NB-HPN-0738-q0,paper_0738
NB-HPN-0738-q1,paper_0738
NB-HPN-0819-q0,paper_0819
NB-HPN-0819-q1,paper_0819
NB-HPN-0824-q0,paper_0824
NB-HPN-0824-q1,paper_0824
NB-HPN-0850-q0,paper_0850
NB-HPN-0850-q1,paper_0850
NB-HPN-0850-q2,paper_0850
NB-HPN-0853-q0,paper_0853
NB-HPN-0885-q0,paper_0885
NB-HPN-0885-q1,paper_0885
NB-HPN-0897-q1,paper_0897
NB-HPN-0923-q0,paper_0923
NB-HPN-0923-q1,paper_0923
NB-HPN-0932-q0,paper_0932
NB-HPN-0954-q0,paper_0954
NB-HPN-0975-q1,paper_0975
NB-HPN-0978-q0,paper_0978
NB-HPN-1025-q0,paper_1025
NB-HPN-1025-q1,paper_1025
NB-HPN-1047-q3,paper_1047
NB-HPN-1054-q0,paper_1054
NB-HPN-1059-q0,paper_1059
NB-HPN-1059-q3,paper_1059
NB-HPN-1080-q3,paper_1080
NB-HPN-1097-q0,paper_1097
NB-HPN-1097-q2,paper_1097
NB-HPN-1103-q1,paper_1103
NB-HPN-1103-q2,paper_1103
NB-HPN-1109-q0,paper_1109
NB-HPN-1109-q1,paper_1109
NB-HPN-1115-q1,paper_1115
NB-HPN-1116-q0,paper_1116
NB-HPN-1116-q2,paper_1116
NB-HPN-1135-q0,paper_1135
NB-HPN-1147-q0,paper_1147
NB-HPN-1152-q1,paper_1152
NB-HPN-1163-q1,paper_1163
NB-HPN-1184-q2,paper_1184
NB-HPN-1211-q0,paper_1211
NB-HPN-1242-q1,paper_1242
NB-HPN-1278-q1,paper_1278
NB-HPN-1296-q2,paper_1296
NB-HPN-1296-q3,paper_1296
NB-HPN-1298-q0,paper_1298
NB-HPN-1298-q2,paper_1298
NB-HPN-1303-q0,paper_1303
NB-HPN-1303-q1,paper_1303
NB-HPN-1303-q2,paper_1303
NB-HPN-1312-q0,paper_1312
NB-HPN-1331-q0,paper_1331
NB-HPN-1354-q2,paper_1354
NB-HPN-1363-q1,paper_1363
NB-HPN-1367-q1,paper_1367
NB-HPN-1376-q1,paper_1376
NB-HPN-1379-q0,paper_1702
NB-HPN-1398-q1,paper_1398
NB-HPN-1401-q1,paper_1401
NB-HPN-1413-q0,paper_1413
NB-HPN-1413-q1,paper_1413
NB-HPN-1413-q3,paper_1413
NB-HPN-1414-q1,paper_1414
NB-HPN-1414-q3,paper_1414
NB-HPN-1425-q1,paper_1425
NB-HPN-1425-q3,paper_1425
NB-HPN-1438-q1,paper_1438
NB-HPN-1446-q0,paper_1446
NB-HPN-1446-q1,paper_1446
NB-HPN-1466-q0,paper_1466
NB-HPN-1466-q1,paper_1466
NB-HPN-1471-q1,paper_1471
NB-HPN-1482-q1,paper_1482
NB-HPN-1483-q0,paper_1483
NB-HPN-1526-q2,paper_1526
NB-HPN-1537-q2,paper_1537
NB-HPN-1539-q1,paper_1539
NB-HPN-1539-q3,paper_1539
NB-HPN-1568-q1,paper_1568
NB-HPN-1594-q1,paper_1594
NB-HPN-1594-q3,paper_1594
NB-HPN-1616-q1,paper_1616
NB-HPN-1618-q0,paper_1618
NB-HPN-1618-q1,paper_1618
NB-HPN-1627-q0,paper_1627
NB-HPN-1629-q1,paper_1629
NB-HPN-1648-q1,paper_1648
NB-HPN-1650-q0,paper_1650
NB-HPN-1650-q1,paper_1650
NB-HPN-1654-q1,paper_1654
NB-HPN-1676-q1,paper_1676
NB-HPN-1680-q1,paper_1680
NB-HPN-1682-q0,paper_1682
NB-HPN-1687-q1,paper_1687
NB-HPN-1687-q3,paper_1687
NB-HPN-1695-q0,paper_1695
NB-HPN-1695-q3,paper_1695
NB-HPN-1743-q1,paper_1743
NB-HPN-1801-q2,paper_1801
NB-HPN-1803-q3,paper_1803
NB-HPN-1811-q3,paper_1811
NB-HPN-1814-q1,paper_1814
NB-HPN-1819-q1,paper_1819
NB-HPN-1853-q0,paper_1853
NB-HPN-1860-q1,paper_1860
NB-HPN-1887-q1,paper_1887
NB-HPN-1897-q0,paper_1897
NB-HPN-1903-q0,paper_1903
NB-HPN-1910-q0,paper_1910
NB-HPN-1913-q3,paper_1913
NB-HPN-1919-q1,paper_1919
NB-HPN-1927-q0,paper_1927
NB-HPN-1927-q2,paper_1927
NB-HPN-1935-q3,paper_1935
NB-HPN-1937-q0,paper_1937
NB-HPN-1969-q0,paper_1969
NB-HPN-1969-q1,paper_1969
NB-HPN-1977-q0,paper_1977
NB-HPN-1977-q1,paper_1977
NB-HPN-1985-q0,paper_1985
NB-HPN-1985-q2,paper_1985
NB-HPN-2020-q1,paper_2020
NB-HPN-2024-q1,paper_2024
NB-HPN-2024-q3,paper_2024
NB-HPN-2032-q0,paper_2032
NB-HPN-2032-q1,paper_2032
NB-HPN-2032-q3,paper_2032
NB-HPN-2050-q3,paper_2050
NB-HPN-2093-q1,paper_2093
NB-HPN-2121-q1,paper_2121
NB-HPN-2135-q0,paper_2135
NB-HPN-2135-q1,paper_2135
NB-HPN-2136-q0,paper_2136
NB-HPN-2151-q1,paper_2151
NB-HPN-2152-q0,paper_0819
NB-HPN-2153-q1,paper_2153
NB-HPN-2155-q1,paper_2155
NB-HPN-2155-q3,paper_2155
NB-HPN-2166-q0,paper_2166
NB-HPN-2175-q0,paper_2175
NB-HPN-2175-q3,paper_2175
NB-HPN-2201-q0,paper_2201
NB-HPN-2201-q1,paper_2201
NB-HPN-2204-q1,paper_2204
NB-HPN-2204-q2,paper_2204
NB-HPN-2237-q2,paper_2237
NB-HPN-2290-q0,paper_2290
NB-HPN-2291-q3,paper_2291
NB-HPN-2323-q0,paper_2323
NB-HPN-2329-q0,paper_2329
NB-HPN-2339-q1,paper_2339
NB-HPN-2342-q3,paper_2342
NB-HPN-2351-q1,paper_2351
NB-HPN-2353-q1,paper_2353
NB-HPN-2367-q1,paper_2367
NB-SYN-0819-2152,paper_0819
NB-SYN-1135-2109,paper_1135
NB-SYN-1379-1702,paper_1702
NB-SYN-2075-2370,paper_2075
