statistic,value
spearman_rho_vs_log_size,-0.898
exact_permutation_p_size,0.00516
n_permutations,40320
spearman_rho_vs_baseline,-0.857
exact_permutation_p_baseline,0.01071
ols_slope_per_doubling,-0.1291
zero_crossing_b_params,9.86
zero_crossing_baseline_score,3.516
all_families_monotone_decreasing,1
within_family_monotonicity_exact_p,0.01389
slope_gemma_per_doubling,-0.1046
slope_gemma_ci_lo,-0.1365
slope_gemma_ci_hi,-0.0736
slope_llama_per_doubling,-0.0563
slope_llama_ci_lo,-0.1023
slope_llama_ci_hi,-0.0102
slope_qwen_per_doubling,-0.2272
slope_qwen_ci_lo,-0.2676
slope_qwen_ci_hi,-0.1864
rho_excl_gemma,-0.9
crossing_excl_gemma,13.26
rho_excl_llama,-0.928
crossing_excl_llama,9.83
rho_excl_qwen,-0.9
crossing_excl_qwen,6.79
rho_lofo_min,-0.928
rho_lofo_max,-0.9
crossing_lofo_min,6.79
crossing_lofo_max,13.26
rho_lomo_min,-0.955
rho_lomo_max,-0.847
crossing_lomo_min,7.48
crossing_lomo_max,11.78
rho_ci_lo_questions,-0.922
rho_ci_hi_questions,-0.802
crossing_ci_lo_questions,7.53
crossing_ci_hi_questions,13.66
score_crossing_ci_lo_questions,3.378
score_crossing_ci_hi_questions,3.67
usable_rho_questions,10000
usable_crossing_questions,10000
rho_ci_lo_roster,-1.0
rho_ci_hi_roster,-0.315
crossing_ci_lo_roster,5.92
crossing_ci_hi_roster,17.45
score_crossing_ci_lo_roster,3.209
score_crossing_ci_hi_roster,3.804
usable_rho_roster,10000
usable_crossing_roster,9995
rho_ci_lo_combined,-1.0
rho_ci_hi_combined,-0.313
crossing_ci_lo_combined,5.24
crossing_ci_hi_combined,21.74
score_crossing_ci_lo_combined,3.165
score_crossing_ci_hi_combined,3.901
usable_rho_combined,9999
usable_crossing_combined,9991
flat_zone_models,llama-3.1-8b|qwen3.5-9b|gemma-3-12b
flat_zone_lo_b,8
flat_zone_hi_b,12
