base_model,profile_type,n_questions,gpu_total_s,cpu_total_s,cpu_gpu_ratio,gpu_retrieval_s,cpu_retrieval_s,gpu_tok_s,cpu_tok_s,gpu_n_runs,cpu_n_runs
gemma-3-1b,direct,5,27.82,53.75,1.93,,,23.69,4.52,3,3
llama-3.2-1b,direct,10,1.55,8.76,5.65,,,104.45,18.3,3,3
qwen3.5-2b,direct,10,5.47,23.6,4.31,,,41.65,10.1,3,3
llama-3.1-8b,direct,10,7.25,69.26,9.55,,,23.12,2.6,3,3
qwen3.5-9b,direct,10,9.03,79.42,8.8,,,26.99,3.2,3,3
gemma-3-12b,direct,5,98.47,492.71,5.0,,,8.92,0.47,3,3
gemma-3-27b,direct,10,15.9,131.48,8.27,,,14.35,1.55,3,3
qwen3.5-27b,direct,10,17.8,110.39,6.2,,,14.17,2.07,3,3
gemma-3-1b,rag,5,66.21,299.58,4.52,1.43,182.71,2.8,1.74,2,2
llama-3.2-1b,rag,10,4.74,25.87,5.46,2.07,10.17,67.89,11.5,2,2
qwen3.5-2b,rag,10,8.96,42.27,4.72,2.2,11.45,32.54,7.3,2,2
llama-3.1-8b,rag,10,20.11,274.18,13.63,2.45,23.91,11.35,0.82,2,2
qwen3.5-9b,rag,10,12.58,112.41,8.94,2.19,11.71,21.64,2.22,2,2
gemma-3-12b,rag,5,267.44,1534.59,5.74,1.75,214.57,0.76,0.15,2,2
gemma-3-27b,rag,10,31.51,273.24,8.67,1.59,11.26,7.4,0.84,2,2
qwen3.5-27b,rag,10,35.21,219.14,6.22,1.03,10.86,8.35,1.42,2,2
