id,split,source_papers,shared_source_paper,exact_question_dup,question_8gram_containment,reference_8gram_containment
NB-ADV-M002-0765,adversarial,paper_0765,0,0,0.0,0.0
NB-ADV-M002-1331,adversarial,paper_1331,1,0,0.0,0.0
NB-ADV-M003-1927,adversarial,paper_1927,0,0,0.0,0.0
NB-ADV-M005-1657,adversarial,paper_1657,0,0,0.0,0.0
NB-ADV-M006-1627,adversarial,paper_1627,1,0,0.0,0.0
NB-ADV-M010-1853,adversarial,paper_1853,0,0,0.0,0.0
NB-ADV-M012-0923,adversarial,paper_0923,0,0,0.0,0.0
NB-ADV-M012-2024,adversarial,paper_2024,0,0,0.0,0.0
NB-HPN-0026-q1,dev,paper_0026,1,0,0.0,0.0
NB-HPN-0027-q2,test,paper_0027,0,0,0.0,0.0
NB-HPN-0027-q3,test,paper_0027,0,0,0.056,0.0
NB-HPN-0035-q0,test,paper_0035,0,0,0.0,0.0
NB-HPN-0037-q0,test,paper_0037,0,0,0.0,0.0
NB-HPN-0046-q0,dev,paper_0046,1,0,0.0,0.0
NB-HPN-0046-q1,test,paper_0046,1,0,0.0,0.0
NB-HPN-0088-q0,test,paper_0088,1,0,0.0,0.0
NB-HPN-0094-q3,test,paper_0094,0,0,0.0,0.0
NB-HPN-0104-q2,test,paper_0104,1,0,0.0,0.0
NB-HPN-0117-q2,test,paper_0117,1,0,0.0,0.0
NB-HPN-0155-q0,test,paper_0155,0,0,0.0,0.0
NB-HPN-0159-q0,dev,paper_0159,1,0,0.0,0.0
NB-HPN-0163-q2,test,paper_0163,1,0,0.075,0.0
NB-HPN-0169-q1,test,paper_0169,1,0,0.0,0.0
NB-HPN-0170-q3,test,paper_0170,1,0,0.0,0.0
NB-HPN-0176-q1,dev,paper_0176,0,0,0.0,0.0
NB-HPN-0176-q2,test,paper_0176,0,0,0.0,0.0
NB-HPN-0176-q3,test,paper_0176,0,0,0.0,0.0
NB-HPN-0178-q0,test,paper_0178,1,0,0.0,0.0
NB-HPN-0178-q1,dev,paper_0178,1,0,0.0,0.0
NB-HPN-0185-q1,test,paper_0185,0,0,0.0,0.0
NB-HPN-0187-q3,test,paper_0187,1,0,0.07,0.0
NB-HPN-0194-q2,test,paper_0194,1,0,0.0,0.0
NB-HPN-0216-q1,test,paper_0216,1,0,0.0,0.0
NB-HPN-0269-q0,test,paper_0269,1,0,0.0,0.03
NB-HPN-0316-q2,test,paper_0316,1,0,0.0,0.0
NB-HPN-0316-q3,test,paper_0316,1,0,0.0,0.0
NB-HPN-0320-q0,dev,paper_0320,0,0,0.042,0.0
NB-HPN-0322-q1,test,paper_0322,0,0,0.0,0.0
NB-HPN-0348-q1,test,paper_0348,0,0,0.0,0.0
NB-HPN-0369-q3,test,paper_0369,1,0,0.0,0.028
NB-HPN-0404-q3,test,paper_0404,0,0,0.022,0.0
NB-HPN-0406-q0,test,paper_0406,0,0,0.0,0.0
NB-HPN-0406-q3,test,paper_0406,0,0,0.0,0.0
NB-HPN-0412-q1,test,paper_0412,1,0,0.0,0.0
NB-HPN-0428-q1,test,paper_0428,0,0,0.0,0.0
NB-HPN-0476-q3,test,paper_0476,0,0,0.0,0.0
NB-HPN-0477-q3,test,paper_0477,0,0,0.048,0.0
NB-HPN-0513-q0,test,paper_0513,1,0,0.048,0.0
NB-HPN-0513-q3,test,paper_0513,1,0,0.0,0.0
NB-HPN-0519-q0,test,paper_0519,0,0,0.0,0.0
NB-HPN-0534-q1,test,paper_0534,0,0,0.0,0.0
NB-HPN-0536-q1,dev,paper_0536,0,0,0.0,0.0
NB-HPN-0536-q3,test,paper_0536,0,0,0.103,0.0
NB-HPN-0555-q1,dev,paper_0555,0,0,0.0,0.0
NB-HPN-0555-q2,test,paper_0555,0,0,0.0,0.0
NB-HPN-0569-q2,test,paper_0569,1,0,0.0,0.0
NB-HPN-0570-q1,test,paper_0570,0,0,0.0,0.0
NB-HPN-0591-q1,test,paper_0591,0,0,0.0,0.0
NB-HPN-0595-q0,test,paper_0595,1,0,0.0,0.0
NB-HPN-0595-q3,test,paper_0595,1,0,0.0,0.0
NB-HPN-0596-q1,test,paper_0596,0,0,0.0,0.0
NB-HPN-0596-q2,test,paper_0596,0,0,0.0,0.0
NB-HPN-0596-q3,test,paper_0596,0,0,0.0,0.0
NB-HPN-0600-q0,test,paper_0600,0,0,0.0,0.0
NB-HPN-0603-q1,test,paper_0603,0,0,0.0,0.0
NB-HPN-0644-q0,test,paper_0644,0,0,0.0,0.0
NB-HPN-0649-q0,test,paper_0649,0,0,0.0,0.0
NB-HPN-0649-q1,test,paper_0649,0,0,0.0,0.0
NB-HPN-0667-q1,test,paper_0667,0,0,0.0,0.0
NB-HPN-0684-q1,test,paper_0684,0,0,0.0,0.0
NB-HPN-0706-q1,test,paper_0706,0,0,0.0,0.0
NB-HPN-0732-q0,test,paper_0732,0,0,0.0,0.0
NB-HPN-0732-q1,test,paper_0732,0,0,0.0,0.0
NB-HPN-0733-q1,dev,paper_0733,0,0,0.0,0.0
NB-HPN-0738-q0,test,paper_0738,0,0,0.0,0.0
NB-HPN-0738-q1,test,paper_0738,0,0,0.0,0.0
NB-HPN-0819-q0,test,paper_0819,0,0,0.0,0.0
NB-HPN-0819-q1,test,paper_0819,0,0,0.0,0.031
NB-HPN-0824-q0,test,paper_0824,0,0,0.0,0.0
NB-HPN-0824-q1,test,paper_0824,0,0,0.0,0.0
NB-HPN-0850-q0,test,paper_0850,0,0,0.0,0.0
NB-HPN-0850-q1,test,paper_0850,0,0,0.0,0.0
NB-HPN-0850-q2,dev,paper_0850,0,0,0.018,0.0
NB-HPN-0853-q0,test,paper_0853,1,0,0.0,0.0
NB-HPN-0885-q0,test,paper_0885,1,0,0.0,0.0
NB-HPN-0885-q1,test,paper_0885,1,0,0.0,0.0
NB-HPN-0897-q1,test,paper_0897,0,0,0.0,0.0
NB-HPN-0923-q0,test,paper_0923,0,0,0.0,0.0
NB-HPN-0923-q1,test,paper_0923,0,0,0.0,0.0
NB-HPN-0932-q0,test,paper_0932,1,0,0.0,0.0
NB-HPN-0954-q0,test,paper_0954,0,0,0.0,0.014
NB-HPN-0975-q1,test,paper_0975,0,0,0.0,0.0
NB-HPN-0978-q0,test,paper_0978,0,0,0.0,0.014
NB-HPN-1025-q0,test,paper_1025,1,0,0.0,0.011
NB-HPN-1025-q1,test,paper_1025,1,0,0.0,0.0
NB-HPN-1047-q3,dev,paper_1047,1,0,0.0,0.0
NB-HPN-1054-q0,test,paper_1054,1,0,0.0,0.011
NB-HPN-1059-q0,dev,paper_1059,0,0,0.0,0.0
NB-HPN-1059-q3,test,paper_1059,0,0,0.0,0.0
NB-HPN-1080-q3,test,paper_1080,0,0,0.058,0.0
NB-HPN-1097-q0,test,paper_1097,0,0,0.0,0.0
NB-HPN-1097-q2,test,paper_1097,0,0,0.0,0.0
NB-HPN-1103-q1,test,paper_1103,1,0,0.0,0.0
NB-HPN-1103-q2,test,paper_1103,1,0,0.0,0.01
NB-HPN-1109-q0,test,paper_1109,0,0,0.0,0.0
NB-HPN-1109-q1,test,paper_1109,0,0,0.0,0.0
NB-HPN-1115-q1,test,paper_1115,0,0,0.0,0.0
NB-HPN-1116-q0,test,paper_1116,0,0,0.087,0.0
NB-HPN-1116-q2,test,paper_1116,0,0,0.0,0.0
NB-HPN-1135-q0,dev,paper_1135,1,0,0.074,0.0
NB-HPN-1147-q0,test,paper_1147,0,0,0.0,0.0
NB-HPN-1152-q1,test,paper_1152,0,0,0.0,0.0
NB-HPN-1163-q1,dev,paper_1163,1,0,0.0,0.0
NB-HPN-1184-q2,test,paper_1184,1,0,0.0,0.0
NB-HPN-1211-q0,test,paper_1211,1,0,0.0,0.0
NB-HPN-1242-q1,test,paper_1242,0,0,0.0,0.0
NB-HPN-1278-q1,dev,paper_1278,0,0,0.0,0.009
NB-HPN-1296-q2,test,paper_1296,0,0,0.0,0.0
NB-HPN-1296-q3,test,paper_1296,0,0,0.0,0.0
NB-HPN-1298-q0,test,paper_1298,1,0,0.0,0.0
NB-HPN-1298-q2,test,paper_1298,1,0,0.0,0.0
NB-HPN-1303-q0,test,paper_1303,0,0,0.0,0.0
NB-HPN-1303-q1,test,paper_1303,0,0,0.0,0.0
NB-HPN-1303-q2,test,paper_1303,0,0,0.0,0.0
NB-HPN-1312-q0,test,paper_1312,0,0,0.0,0.0
NB-HPN-1331-q0,test,paper_1331,1,0,0.0,0.0
NB-HPN-1354-q2,test,paper_1354,0,0,0.032,0.0
NB-HPN-1363-q1,test,paper_1363,0,0,0.0,0.0
NB-HPN-1367-q1,test,paper_1367,1,0,0.0,0.0
NB-HPN-1376-q1,dev,paper_1376,1,0,0.0,0.0
NB-HPN-1379-q0,test,paper_1379,1,0,0.15,0.0
NB-HPN-1398-q1,test,paper_1398,1,0,0.0,0.0
NB-HPN-1401-q1,dev,paper_1401,0,0,0.0,0.0
NB-HPN-1413-q0,test,paper_1413,1,0,0.1,0.067
NB-HPN-1413-q1,test,paper_1413,1,0,0.0,0.0
NB-HPN-1413-q3,test,paper_1413,1,0,0.0,0.0
NB-HPN-1414-q1,test,paper_1414,0,0,0.0,0.0
NB-HPN-1414-q3,test,paper_1414,0,0,0.0,0.0
NB-HPN-1425-q1,test,paper_1425,0,0,0.0,0.0
NB-HPN-1425-q3,test,paper_1425,0,0,0.0,0.0
NB-HPN-1438-q1,test,paper_1438,0,0,0.0,0.0
NB-HPN-1446-q0,dev,paper_1446,0,0,0.0,0.0
NB-HPN-1446-q1,test,paper_1446,0,0,0.0,0.0
NB-HPN-1466-q0,test,paper_1466,0,0,0.0,0.0
NB-HPN-1466-q1,test,paper_1466,0,0,0.0,0.0
NB-HPN-1471-q1,test,paper_1471,0,0,0.0,0.0
NB-HPN-1482-q1,test,paper_1482,0,0,0.0,0.0
NB-HPN-1483-q0,test,paper_1483,1,0,0.0,0.0
NB-HPN-1526-q2,test,paper_1526,0,0,0.0,0.0
NB-HPN-1537-q2,test,paper_1537,0,0,0.03,0.0
NB-HPN-1539-q1,test,paper_1539,0,0,0.0,0.0
NB-HPN-1539-q3,test,paper_1539,0,0,0.038,0.0
NB-HPN-1568-q1,test,paper_1568,0,0,0.0,0.0
NB-HPN-1594-q1,test,paper_1594,0,0,0.0,0.0
NB-HPN-1594-q3,test,paper_1594,0,0,0.0,0.0
NB-HPN-1616-q1,dev,paper_1616,0,0,0.0,0.0
NB-HPN-1618-q0,test,paper_1618,1,0,0.0,0.114
NB-HPN-1618-q1,test,paper_1618,1,0,0.0,0.0
NB-HPN-1627-q0,test,paper_1627,1,0,0.208,0.0
NB-HPN-1629-q1,dev,paper_1629,0,0,0.0,0.0
NB-HPN-1648-q1,test,paper_1648,0,0,0.0,0.0
NB-HPN-1650-q0,test,paper_1650,1,0,0.053,0.0
NB-HPN-1650-q1,test,paper_1650,1,0,0.0,0.0
NB-HPN-1654-q1,test,paper_1654,0,0,0.0,0.0
NB-HPN-1676-q1,test,paper_1676,0,0,0.0,0.0
NB-HPN-1680-q1,test,paper_1680,0,0,0.0,0.0
NB-HPN-1682-q0,test,paper_1682,0,0,0.0,0.0
NB-HPN-1687-q1,test,paper_1687,0,0,0.0,0.0
NB-HPN-1687-q3,test,paper_1687,0,0,0.0,0.0
NB-HPN-1695-q0,test,paper_1695,1,0,0.0,0.0
NB-HPN-1695-q3,test,paper_1695,1,0,0.056,0.0
NB-HPN-1743-q1,test,paper_1743,0,0,0.0,0.0
NB-HPN-1801-q2,test,paper_1801,1,0,0.0,0.0
NB-HPN-1803-q3,dev,paper_1803,1,0,0.0,0.0
NB-HPN-1811-q3,test,paper_1811,0,0,0.0,0.0
NB-HPN-1814-q1,test,paper_1814,0,0,0.0,0.0
NB-HPN-1819-q1,test,paper_1819,0,0,0.0,0.0
NB-HPN-1853-q0,test,paper_1853,0,0,0.0,0.0
NB-HPN-1860-q1,test,paper_1860,0,0,0.0,0.0
NB-HPN-1887-q1,test,paper_1887,0,0,0.0,0.023
NB-HPN-1897-q0,test,paper_1897,0,0,0.053,0.0
NB-HPN-1903-q0,test,paper_1903,0,0,0.0,0.0
NB-HPN-1910-q0,test,paper_1910,0,0,0.111,0.0
NB-HPN-1913-q3,test,paper_1913,0,0,0.0,0.0
NB-HPN-1919-q1,test,paper_1919,0,0,0.0,0.0
NB-HPN-1927-q0,test,paper_1927,0,0,0.0,0.0
NB-HPN-1927-q2,test,paper_1927,0,0,0.0,0.0
NB-HPN-1935-q3,test,paper_1935,1,0,0.0,0.0
NB-HPN-1937-q0,test,paper_1937,0,0,0.0,0.0
NB-HPN-1969-q0,test,paper_1969,0,0,0.0,0.0
NB-HPN-1969-q1,test,paper_1969,0,0,0.0,0.0
NB-HPN-1977-q0,test,paper_1977,0,0,0.04,0.0
NB-HPN-1977-q1,test,paper_1977,0,0,0.0,0.0
NB-HPN-1985-q0,test,paper_1985,0,0,0.0,0.0
NB-HPN-1985-q2,test,paper_1985,0,0,0.0,0.0
NB-HPN-2020-q1,test,paper_2020,1,0,0.0,0.0
NB-HPN-2024-q1,test,paper_2024,0,0,0.0,0.011
NB-HPN-2024-q3,dev,paper_2024,0,0,0.023,0.0
NB-HPN-2032-q0,test,paper_2032,0,0,0.0,0.0
NB-HPN-2032-q1,dev,paper_2032,0,0,0.0,0.0
NB-HPN-2032-q3,test,paper_2032,0,0,0.0,0.0
NB-HPN-2050-q3,dev,paper_2050,1,0,0.0,0.0
NB-HPN-2093-q1,test,paper_2093,0,0,0.0,0.0
NB-HPN-2121-q1,dev,paper_2121,0,0,0.0,0.0
NB-HPN-2135-q0,test,paper_2135,0,0,0.143,0.0
NB-HPN-2135-q1,dev,paper_2135,0,0,0.0,0.0
NB-HPN-2136-q0,dev,paper_2136,0,0,0.0,0.0
NB-HPN-2151-q1,test,paper_2151,0,0,0.0,0.0
NB-HPN-2152-q0,test,paper_2152,0,0,0.053,0.0
NB-HPN-2153-q1,test,paper_2153,0,0,0.0,0.0
NB-HPN-2155-q1,dev,paper_2155,0,0,0.0,0.0
NB-HPN-2155-q3,test,paper_2155,0,0,0.0,0.0
NB-HPN-2166-q0,test,paper_2166,1,0,0.0,0.0
NB-HPN-2175-q0,test,paper_2175,0,0,0.0,0.0
NB-HPN-2175-q3,test,paper_2175,0,0,0.0,0.0
NB-HPN-2201-q0,dev,paper_2201,0,0,0.0,0.021
NB-HPN-2201-q1,test,paper_2201,0,0,0.0,0.0
NB-HPN-2204-q1,test,paper_2204,0,0,0.0,0.0
NB-HPN-2204-q2,test,paper_2204,0,0,0.0,0.0
NB-HPN-2237-q2,test,paper_2237,0,0,0.0,0.0
NB-HPN-2290-q0,test,paper_2290,0,0,0.0,0.0
NB-HPN-2291-q3,test,paper_2291,0,0,0.0,0.0
NB-HPN-2323-q0,test,paper_2323,0,0,0.0,0.0
NB-HPN-2329-q0,test,paper_2329,0,0,0.2,0.0
NB-HPN-2339-q1,test,paper_2339,0,0,0.0,0.0
NB-HPN-2342-q3,test,paper_2342,1,0,0.0,0.0
NB-HPN-2351-q1,test,paper_2351,0,0,0.0,0.0
NB-HPN-2353-q1,test,paper_2353,1,0,0.0,0.0
NB-HPN-2367-q1,test,paper_2367,0,0,0.0,0.0
NB-SYN-0819-2152,synthesis,paper_2152;paper_0819,0,0,0.0,0.0
NB-SYN-1135-2109,synthesis,paper_2109;paper_1135,1,0,0.0,0.0
NB-SYN-1379-1702,synthesis,paper_1379;paper_1702,1,0,0.0,0.0
NB-SYN-2075-2370,synthesis,paper_2370;paper_2075,0,0,0.0,0.0
