base_model,size_group,group,contrast,description,n,mean_a,mean_b,mean_diff,median_diff,ci95_lo,ci95_hi,p_raw,p_bh,bh_sig,cohens_dz,practically_sig,note
gemma-3-12b,medium,closed_book,P1 vs P2,Instruct vs LoRA SFT,233,3.614,3.489,-0.124,0.0,-0.245,-0.003,0.07482,0.13302,False,-0.133,False,"supplementary contrast, outside the pre-specified primary family"
gemma-3-12b,medium,closed_book,P2 vs P3,LoRA SFT vs full SFT,233,3.489,3.523,0.034,0.0,-0.07,0.135,0.4159,0.51188,False,0.043,False,"supplementary contrast, outside the pre-specified primary family"
gemma-3-1b,small,closed_book,P1 vs P2,Instruct vs LoRA SFT,233,2.403,2.62,0.218,0.1,0.13,0.308,0.0,1e-05,True,0.311,False,"supplementary contrast, outside the pre-specified primary family"
gemma-3-1b,small,closed_book,P2 vs P3,LoRA SFT vs full SFT,233,2.62,2.628,0.008,0.0,-0.079,0.092,0.7001,0.7001,False,0.012,False,"supplementary contrast, outside the pre-specified primary family"
gemma-3-27b,large,closed_book,P1 vs P2,Instruct vs LoRA SFT,233,3.796,3.636,-0.16,0.0,-0.267,-0.054,0.0068,0.01814,True,-0.189,False,"supplementary contrast, outside the pre-specified primary family"
gemma-3-27b,large,closed_book,P2 vs P3,LoRA SFT vs full SFT,233,3.636,3.5,-0.136,0.0,-0.242,-0.031,0.00667,0.01814,True,-0.165,False,"supplementary contrast, outside the pre-specified primary family"
llama-3.1-8b,medium,closed_book,P1 vs P2,Instruct vs LoRA SFT,233,3.304,3.546,0.242,0.1,0.133,0.348,0.0,1e-05,True,0.291,False,"supplementary contrast, outside the pre-specified primary family"
llama-3.1-8b,medium,closed_book,P2 vs P3,LoRA SFT vs full SFT,233,3.546,3.424,-0.122,0.0,-0.221,-0.025,0.03481,0.07957,False,-0.16,False,"supplementary contrast, outside the pre-specified primary family"
llama-3.2-1b,small,closed_book,P1 vs P2,Instruct vs LoRA SFT,233,2.403,2.734,0.33,0.3,0.235,0.424,0.0,0.0,True,0.449,True,"supplementary contrast, outside the pre-specified primary family"
llama-3.2-1b,small,closed_book,P2 vs P3,LoRA SFT vs full SFT,233,2.734,2.677,-0.057,0.0,-0.141,0.027,0.11098,0.17756,False,-0.087,False,"supplementary contrast, outside the pre-specified primary family"
qwen3.5-27b,large,closed_book,P1 vs P2,Instruct vs LoRA SFT,233,4.141,4.03,-0.111,0.0,-0.211,-0.013,0.05291,0.10583,False,-0.142,False,"supplementary contrast, outside the pre-specified primary family"
qwen3.5-27b,large,closed_book,P2 vs P3,LoRA SFT vs full SFT,233,4.03,3.99,-0.039,0.0,-0.124,0.043,0.26229,0.34972,False,-0.061,False,"supplementary contrast, outside the pre-specified primary family"
qwen3.5-2b,small,closed_book,P1 vs P2,Instruct vs LoRA SFT,233,2.634,3.242,0.608,0.7,0.499,0.714,0.0,0.0,True,0.723,True,"supplementary contrast, outside the pre-specified primary family"
qwen3.5-2b,small,closed_book,P2 vs P3,LoRA SFT vs full SFT,233,3.242,3.315,0.074,0.0,-0.027,0.176,0.23742,0.34534,False,0.094,False,"supplementary contrast, outside the pre-specified primary family"
qwen3.5-9b,medium,closed_book,P1 vs P2,Instruct vs LoRA SFT,233,3.713,3.721,0.008,0.1,-0.104,0.121,0.56891,0.65018,False,0.009,False,"supplementary contrast, outside the pre-specified primary family"
qwen3.5-9b,medium,closed_book,P2 vs P3,LoRA SFT vs full SFT,233,3.721,3.711,-0.01,0.0,-0.111,0.087,0.6449,0.6879,False,-0.013,False,"supplementary contrast, outside the pre-specified primary family"
