base_model,size_group,group,contrast,description,n,n_clusters,mean_diff,ci95_lo_clustered,ci95_hi_clustered,p_perm_question,p_perm_clustered,cohens_dz,p_bh_perm_question,bh_sig_perm_question,practically_sig_perm_question,p_bh_clustered,bh_sig_clustered,practically_sig_clustered,ci95_lo,ci95_hi,p_bh,bh_sig,practically_sig,ci_width_question,ci_width_clustered,ci_inflation,bh_sig_changed,practically_sig_changed
gemma-3-12b,medium,closed_book,P1 vs P3,Instruct vs full SFT,233,167,-0.091,-0.201,0.017,0.11799,0.10629,-0.103,0.14647,False,False,0.13257,False,False,-0.203,0.019,0.24252,False,False,0.222,0.218,0.982,False,False
gemma-3-12b,medium,closed_book,P1 vs P4,Instruct vs full CPT+SFT,233,167,-0.073,-0.192,0.047,0.24408,0.24628,-0.076,0.27895,False,False,0.27706,False,False,-0.192,0.048,0.24862,False,False,0.24,0.239,0.996,False,False
gemma-3-12b,medium,closed_book,P3 vs P4,full SFT vs full CPT+SFT,233,167,0.018,-0.097,0.138,0.75832,0.77772,0.021,0.79129,False,False,0.81153,False,False,-0.091,0.128,0.89452,False,False,0.219,0.235,1.073,False,False
gemma-3-12b,medium,closed_book,P2 vs P5,LoRA SFT vs LoRA CPT+SFT,233,167,0.054,-0.048,0.154,0.33747,0.27687,0.064,0.36265,False,False,0.29753,False,False,-0.056,0.161,0.43998,False,False,0.217,0.202,0.931,False,False
gemma-3-12b,medium,closed_book,P1 vs P5,Instruct vs LoRA CPT+SFT,233,167,-0.07,-0.196,0.051,0.26077,0.27167,-0.074,0.29337,False,False,0.29637,False,False,-0.192,0.049,0.47617,False,False,0.241,0.247,1.025,False,False
gemma-3-12b,medium,open_book,P6 vs P7,RAG-Instruct vs RAG-CPT+SFT,233,167,-0.202,-0.291,-0.112,0.0001,0.0001,-0.3,0.00023,True,False,0.00023,True,False,-0.288,-0.115,0.0,True,False,0.173,0.179,1.035,False,False
gemma-3-12b,medium,open_book,P6 vs P8,RAG-Instruct vs RAG-LoRA-CPT+SFT,233,167,-0.165,-0.259,-0.074,0.0004,0.0006,-0.234,0.00082,True,False,0.0012,True,False,-0.257,-0.076,0.00019,True,False,0.181,0.185,1.022,False,False
gemma-3-12b,medium,rag_effect,P1 vs P6,add RAG to Instruct (matched model),233,167,0.689,0.546,0.833,0.0001,0.0001,0.647,0.00023,True,True,0.00023,True,True,0.555,0.825,0.0,True,True,0.27,0.287,1.063,False,False
gemma-3-12b,medium,rag_effect,P4 vs P7,add RAG to full CPT+SFT (matched model),233,167,0.56,0.416,0.704,0.0001,0.0001,0.521,0.00023,True,True,0.00023,True,True,0.424,0.7,0.0,True,True,0.276,0.288,1.043,False,False
gemma-3-12b,medium,rag_effect,P5 vs P8,add RAG to LoRA CPT+SFT (matched model),233,167,0.594,0.456,0.735,0.0001,0.0001,0.567,0.00023,True,True,0.00023,True,True,0.458,0.728,0.0,True,True,0.27,0.279,1.033,False,False
gemma-3-1b,small,closed_book,P1 vs P3,Instruct vs full SFT,233,167,0.225,0.142,0.31,0.0001,0.0001,0.344,0.00023,True,False,0.00023,True,False,0.142,0.309,0.0,True,False,0.167,0.168,1.006,False,False
gemma-3-1b,small,closed_book,P1 vs P4,Instruct vs full CPT+SFT,233,167,0.115,0.023,0.209,0.0132,0.015,0.161,0.0221,True,False,0.02512,True,False,0.023,0.206,0.0298,True,False,0.183,0.186,1.016,False,False
gemma-3-1b,small,closed_book,P3 vs P4,full SFT vs full CPT+SFT,233,167,-0.11,-0.211,-0.009,0.0237,0.0371,-0.147,0.0371,True,False,0.05451,False,False,-0.206,-0.015,0.03815,True,False,0.191,0.202,1.058,True,False
gemma-3-1b,small,closed_book,P2 vs P5,LoRA SFT vs LoRA CPT+SFT,233,167,0.124,0.029,0.216,0.0114,0.0117,0.165,0.01954,True,False,0.02055,True,False,0.027,0.22,0.01115,True,False,0.193,0.187,0.969,False,False
gemma-3-1b,small,closed_book,P1 vs P5,Instruct vs LoRA CPT+SFT,233,167,0.341,0.248,0.433,0.0001,0.0001,0.464,0.00023,True,True,0.00023,True,True,0.247,0.436,0.0,True,True,0.189,0.185,0.979,False,False
gemma-3-1b,small,open_book,P6 vs P7,RAG-Instruct vs RAG-CPT+SFT,233,167,-0.176,-0.292,-0.057,0.0039,0.0063,-0.191,0.00739,True,False,0.01134,True,False,-0.295,-0.061,0.01543,True,False,0.234,0.235,1.004,False,False
gemma-3-1b,small,open_book,P6 vs P8,RAG-Instruct vs RAG-LoRA-CPT+SFT,233,167,-0.105,-0.222,0.015,0.07639,0.08179,-0.116,0.09822,False,False,0.10516,False,False,-0.221,0.012,0.14563,False,False,0.233,0.237,1.017,False,False
gemma-3-1b,small,rag_effect,P1 vs P6,add RAG to Instruct (matched model),233,167,0.612,0.489,0.736,0.0001,0.0001,0.639,0.00023,True,True,0.00023,True,True,0.49,0.736,0.0,True,True,0.246,0.247,1.004,False,False
gemma-3-1b,small,rag_effect,P4 vs P7,add RAG to full CPT+SFT (matched model),233,167,0.322,0.206,0.44,0.0001,0.0001,0.345,0.00023,True,True,0.00023,True,True,0.207,0.442,1e-05,True,True,0.235,0.234,0.996,False,False
gemma-3-1b,small,rag_effect,P5 vs P8,add RAG to LoRA CPT+SFT (matched model),233,167,0.166,0.036,0.296,0.0075,0.0146,0.175,0.01317,True,False,0.02503,True,False,0.045,0.288,0.03471,True,False,0.243,0.26,1.07,False,False
gemma-3-27b,large,closed_book,P1 vs P3,Instruct vs full SFT,233,167,-0.296,-0.418,-0.176,0.0001,0.0001,-0.314,0.00023,True,True,0.00023,True,True,-0.42,-0.177,4e-05,True,True,0.243,0.242,0.996,False,False
gemma-3-27b,large,closed_book,P2 vs P5,LoRA SFT vs LoRA CPT+SFT,233,167,0.079,-0.033,0.19,0.16158,0.17268,0.093,0.1939,False,False,0.20722,False,False,-0.034,0.187,0.16559,False,False,0.221,0.223,1.009,False,False
gemma-3-27b,large,closed_book,P1 vs P5,Instruct vs LoRA CPT+SFT,233,167,-0.082,-0.206,0.039,0.17818,0.19848,-0.089,0.21031,False,False,0.23427,False,False,-0.2,0.035,0.23756,False,False,0.235,0.245,1.043,False,False
gemma-3-27b,large,open_book,P6 vs P8,RAG-Instruct vs RAG-LoRA-CPT+SFT,233,167,-0.283,-0.363,-0.205,0.0001,0.0001,-0.464,0.00023,True,True,0.00023,True,True,-0.362,-0.205,0.0,True,True,0.157,0.158,1.006,False,False
gemma-3-27b,large,rag_effect,P1 vs P6,add RAG to Instruct (matched model),233,167,0.63,0.472,0.776,0.0001,0.0001,0.576,0.00023,True,True,0.00023,True,True,0.488,0.77,0.0,True,True,0.282,0.304,1.078,False,False
gemma-3-27b,large,rag_effect,P5 vs P8,add RAG to LoRA CPT+SFT (matched model),233,167,0.428,0.296,0.558,0.0001,0.0001,0.444,0.00023,True,True,0.00023,True,True,0.303,0.548,0.0,True,True,0.245,0.262,1.069,False,False
llama-3.1-8b,medium,closed_book,P1 vs P3,Instruct vs full SFT,233,167,0.119,0.01,0.226,0.0411,0.0319,0.134,0.06134,False,False,0.04887,True,False,0.004,0.23,0.00905,True,False,0.226,0.216,0.956,False,False
llama-3.1-8b,medium,closed_book,P1 vs P4,Instruct vs full CPT+SFT,233,167,0.258,0.128,0.39,0.0002,0.0004,0.277,0.00044,True,True,0.00085,True,True,0.138,0.379,1e-05,True,True,0.241,0.262,1.087,False,False
llama-3.1-8b,medium,closed_book,P3 vs P4,full SFT vs full CPT+SFT,233,167,0.139,0.024,0.253,0.0201,0.0209,0.156,0.03216,True,False,0.03344,True,False,0.026,0.254,0.01893,True,False,0.228,0.229,1.004,False,False
llama-3.1-8b,medium,closed_book,P2 vs P5,LoRA SFT vs LoRA CPT+SFT,233,167,0.007,-0.096,0.111,0.91021,0.90391,0.008,0.92303,False,False,0.91664,False,False,-0.102,0.118,0.8417,False,False,0.22,0.207,0.941,False,False
llama-3.1-8b,medium,closed_book,P1 vs P5,Instruct vs LoRA CPT+SFT,233,167,0.248,0.121,0.375,0.0002,0.0001,0.256,0.00044,True,False,0.00023,True,False,0.123,0.372,6e-05,True,False,0.249,0.254,1.02,False,False
llama-3.1-8b,medium,open_book,P6 vs P7,RAG-Instruct vs RAG-CPT+SFT,233,167,0.126,0.046,0.207,0.0044,0.003,0.189,0.00812,True,False,0.00568,True,False,0.038,0.213,0.00427,True,False,0.175,0.161,0.92,False,False
llama-3.1-8b,medium,open_book,P6 vs P8,RAG-Instruct vs RAG-LoRA-CPT+SFT,233,167,0.145,0.054,0.235,0.0021,0.0024,0.206,0.00409,True,False,0.00467,True,False,0.054,0.238,0.00122,True,False,0.184,0.181,0.984,False,False
llama-3.1-8b,medium,rag_effect,P1 vs P6,add RAG to Instruct (matched model),233,167,0.658,0.522,0.792,0.0001,0.0001,0.637,0.00023,True,True,0.00023,True,True,0.522,0.787,0.0,True,True,0.265,0.27,1.019,False,False
llama-3.1-8b,medium,rag_effect,P4 vs P7,add RAG to full CPT+SFT (matched model),233,167,0.526,0.388,0.664,0.0001,0.0001,0.486,0.00023,True,True,0.00023,True,True,0.385,0.665,0.0,True,True,0.28,0.276,0.986,False,False
llama-3.1-8b,medium,rag_effect,P5 vs P8,add RAG to LoRA CPT+SFT (matched model),233,167,0.555,0.406,0.7,0.0001,0.0001,0.501,0.00023,True,True,0.00023,True,True,0.411,0.694,0.0,True,True,0.283,0.294,1.039,False,False
llama-3.2-1b,small,closed_book,P1 vs P3,Instruct vs full SFT,233,167,0.273,0.185,0.361,0.0001,0.0001,0.392,0.00023,True,True,0.00023,True,True,0.183,0.361,0.0,True,True,0.178,0.176,0.989,False,False
llama-3.2-1b,small,closed_book,P1 vs P4,Instruct vs full CPT+SFT,233,167,0.363,0.268,0.461,0.0001,0.0001,0.464,0.00023,True,True,0.00023,True,True,0.263,0.463,0.0,True,True,0.2,0.193,0.965,False,False
llama-3.2-1b,small,closed_book,P3 vs P4,full SFT vs full CPT+SFT,233,167,0.089,-0.004,0.185,0.06509,0.07019,0.121,0.08521,False,False,0.09359,False,False,-0.006,0.184,0.12079,False,False,0.19,0.189,0.995,False,False
llama-3.2-1b,small,closed_book,P2 vs P5,LoRA SFT vs LoRA CPT+SFT,233,167,0.091,0.006,0.178,0.0421,0.0421,0.133,0.06134,False,False,0.06062,False,False,0.003,0.178,0.04341,True,False,0.175,0.172,0.983,True,False
llama-3.2-1b,small,closed_book,P1 vs P5,Instruct vs LoRA CPT+SFT,233,167,0.421,0.324,0.521,0.0001,0.0001,0.52,0.00023,True,True,0.00023,True,True,0.316,0.525,0.0,True,True,0.209,0.197,0.943,False,False
llama-3.2-1b,small,open_book,P6 vs P7,RAG-Instruct vs RAG-CPT+SFT,233,167,0.081,-0.047,0.204,0.21468,0.20578,0.082,0.24931,False,False,0.23897,False,False,-0.047,0.208,0.13172,False,False,0.255,0.251,0.984,False,False
llama-3.2-1b,small,open_book,P6 vs P8,RAG-Instruct vs RAG-LoRA-CPT+SFT,233,167,0.193,0.093,0.295,0.0003,0.0006,0.23,0.00064,True,False,0.0012,True,False,0.085,0.301,0.00108,True,False,0.216,0.202,0.935,False,False
llama-3.2-1b,small,rag_effect,P1 vs P6,add RAG to Instruct (matched model),233,167,0.526,0.417,0.639,0.0001,0.0001,0.595,0.00023,True,True,0.00023,True,True,0.41,0.64,0.0,True,True,0.23,0.222,0.965,False,False
llama-3.2-1b,small,rag_effect,P4 vs P7,add RAG to full CPT+SFT (matched model),233,167,0.245,0.114,0.38,0.0005,0.0004,0.234,0.001,True,False,0.00085,True,False,0.109,0.38,0.00108,True,False,0.271,0.266,0.982,False,False
llama-3.2-1b,small,rag_effect,P5 vs P8,add RAG to LoRA CPT+SFT (matched model),233,167,0.298,0.181,0.419,0.0001,0.0001,0.313,0.00023,True,True,0.00023,True,True,0.178,0.421,7e-05,True,True,0.243,0.238,0.979,False,False
qwen3.5-27b,large,closed_book,P1 vs P3,Instruct vs full SFT,233,167,-0.151,-0.253,-0.053,0.0055,0.0037,-0.184,0.0099,True,False,0.00683,True,False,-0.258,-0.048,0.03947,True,False,0.21,0.2,0.952,False,False
qwen3.5-27b,large,closed_book,P2 vs P5,LoRA SFT vs LoRA CPT+SFT,233,167,0.057,-0.041,0.153,0.27697,0.25417,0.073,0.30215,False,False,0.28154,False,False,-0.041,0.154,0.1607,False,False,0.195,0.194,0.995,False,False
qwen3.5-27b,large,closed_book,P1 vs P5,Instruct vs LoRA CPT+SFT,233,167,-0.055,-0.143,0.03,0.27247,0.21918,-0.073,0.30181,False,False,0.25049,False,False,-0.151,0.04,0.40029,False,False,0.191,0.173,0.906,False,False
qwen3.5-27b,large,open_book,P6 vs P8,RAG-Instruct vs RAG-LoRA-CPT+SFT,233,167,-0.063,-0.128,0.003,0.06329,0.06059,-0.125,0.08439,False,False,0.08231,False,False,-0.128,0.0,0.01766,True,False,0.128,0.131,1.023,True,False
qwen3.5-27b,large,rag_effect,P1 vs P6,add RAG to Instruct (matched model),233,167,0.387,0.279,0.495,0.0001,0.0001,0.454,0.00023,True,True,0.00023,True,True,0.276,0.498,0.0,True,True,0.222,0.216,0.973,False,False
qwen3.5-27b,large,rag_effect,P5 vs P8,add RAG to LoRA CPT+SFT (matched model),233,167,0.379,0.279,0.482,0.0001,0.0001,0.469,0.00023,True,True,0.00023,True,True,0.274,0.482,0.0,True,True,0.208,0.203,0.976,False,False
qwen3.5-2b,small,closed_book,P1 vs P3,Instruct vs full SFT,233,167,0.682,0.566,0.793,0.0001,0.0001,0.744,0.00023,True,True,0.00023,True,True,0.563,0.797,0.0,True,True,0.234,0.227,0.97,False,False
qwen3.5-2b,small,closed_book,P1 vs P4,Instruct vs full CPT+SFT,233,167,0.815,0.714,0.914,0.0001,0.0001,1.011,0.00023,True,True,0.00023,True,True,0.712,0.917,0.0,True,True,0.205,0.2,0.976,False,False
qwen3.5-2b,small,closed_book,P3 vs P4,full SFT vs full CPT+SFT,233,167,0.133,0.027,0.239,0.0144,0.0164,0.163,0.02356,True,False,0.02684,True,False,0.029,0.237,0.01955,True,False,0.208,0.212,1.019,False,False
qwen3.5-2b,small,closed_book,P2 vs P5,LoRA SFT vs LoRA CPT+SFT,233,167,0.11,0.001,0.22,0.05129,0.05069,0.128,0.07102,False,False,0.07156,False,False,-0.0,0.222,0.05648,False,False,0.222,0.219,0.986,False,False
qwen3.5-2b,small,closed_book,P1 vs P5,Instruct vs LoRA CPT+SFT,233,167,0.718,0.61,0.827,0.0001,0.0001,0.793,0.00023,True,True,0.00023,True,True,0.6,0.832,0.0,True,True,0.232,0.217,0.935,False,False
qwen3.5-2b,small,open_book,P6 vs P7,RAG-Instruct vs RAG-CPT+SFT,233,167,0.015,-0.106,0.132,0.81612,0.81302,0.016,0.83944,False,False,0.83625,False,False,-0.107,0.133,0.33639,False,False,0.24,0.238,0.992,False,False
qwen3.5-2b,small,open_book,P6 vs P8,RAG-Instruct vs RAG-LoRA-CPT+SFT,233,167,0.12,-0.001,0.242,0.0426,0.05309,0.133,0.06134,False,False,0.07351,False,False,0.003,0.231,0.01902,True,False,0.228,0.243,1.066,True,False
qwen3.5-2b,small,rag_effect,P1 vs P6,add RAG to Instruct (matched model),233,167,1.247,1.115,1.374,0.0001,0.0001,1.21,0.00023,True,True,0.00023,True,True,1.112,1.377,0.0,True,True,0.265,0.259,0.977,False,False
qwen3.5-2b,small,rag_effect,P4 vs P7,add RAG to full CPT+SFT (matched model),233,167,0.447,0.305,0.587,0.0001,0.0001,0.398,0.00023,True,True,0.00023,True,True,0.303,0.59,0.0,True,True,0.287,0.282,0.983,False,False
qwen3.5-2b,small,rag_effect,P5 vs P8,add RAG to LoRA CPT+SFT (matched model),233,167,0.649,0.504,0.791,0.0001,0.0001,0.582,0.00023,True,True,0.00023,True,True,0.506,0.788,0.0,True,True,0.282,0.287,1.018,False,False
qwen3.5-9b,medium,closed_book,P1 vs P3,Instruct vs full SFT,233,167,-0.002,-0.12,0.115,0.9793,0.9765,-0.002,0.9793,False,False,0.9765,False,False,-0.122,0.119,0.58039,False,False,0.241,0.235,0.975,False,False
qwen3.5-9b,medium,closed_book,P1 vs P4,Instruct vs full CPT+SFT,233,167,0.112,-0.014,0.237,0.06039,0.08119,0.125,0.08204,False,False,0.10516,False,False,-0.002,0.223,0.01902,True,False,0.225,0.251,1.116,True,False
qwen3.5-9b,medium,closed_book,P3 vs P4,full SFT vs full CPT+SFT,233,167,0.114,0.014,0.212,0.0323,0.0301,0.141,0.04948,True,False,0.04711,True,False,0.012,0.216,0.04354,True,False,0.204,0.198,0.971,False,False
qwen3.5-9b,medium,closed_book,P2 vs P5,LoRA SFT vs LoRA CPT+SFT,233,167,0.084,-0.016,0.183,0.10899,0.10679,0.106,0.13767,False,False,0.13257,False,False,-0.019,0.185,0.13172,False,False,0.204,0.199,0.975,False,False
qwen3.5-9b,medium,closed_book,P1 vs P5,Instruct vs LoRA CPT+SFT,233,167,0.092,-0.023,0.208,0.12589,0.12669,0.101,0.15363,False,False,0.1546,False,False,-0.025,0.209,0.0298,True,False,0.234,0.231,0.987,True,False
qwen3.5-9b,medium,open_book,P6 vs P7,RAG-Instruct vs RAG-CPT+SFT,233,167,-0.034,-0.114,0.043,0.43366,0.40236,-0.052,0.45917,False,False,0.42603,False,False,-0.115,0.049,0.34705,False,False,0.164,0.157,0.957,False,False
qwen3.5-9b,medium,open_book,P6 vs P8,RAG-Instruct vs RAG-LoRA-CPT+SFT,233,167,-0.088,-0.167,-0.008,0.0467,0.0344,-0.132,0.06593,False,False,0.0516,False,False,-0.173,-0.002,0.02633,True,False,0.171,0.159,0.93,True,False
qwen3.5-9b,medium,rag_effect,P1 vs P6,add RAG to Instruct (matched model),233,167,0.644,0.518,0.77,0.0001,0.0001,0.619,0.00023,True,True,0.00023,True,True,0.509,0.777,0.0,True,True,0.268,0.252,0.94,False,False
qwen3.5-9b,medium,rag_effect,P4 vs P7,add RAG to full CPT+SFT (matched model),233,167,0.499,0.36,0.634,0.0001,0.0001,0.455,0.00023,True,True,0.00023,True,True,0.355,0.638,0.0,True,True,0.283,0.274,0.968,False,False
qwen3.5-9b,medium,rag_effect,P5 vs P8,add RAG to LoRA CPT+SFT (matched model),233,167,0.464,0.333,0.592,0.0001,0.0001,0.441,0.00023,True,True,0.00023,True,True,0.327,0.597,0.0,True,True,0.27,0.259,0.959,False,False
