base_model,size_group,contrast,provisional,description,n,mean_a,mean_b,mean_diff,median_diff,ci95_lo,ci95_hi,p_raw,cohens_dz,note
llama-3.2-1b,small,P4 vs P6,False,best closed-adapted (CPT+SFT) vs Instruct+RAG,233,2.851,2.99,0.139,0.0,0.027,0.251,0.01832,0.159,information-access contrast; NOT a model-quality claim
llama-3.2-1b,small,P5 vs P6,False,best closed-adapted (LoRA CPT+SFT) vs Instruct+RAG,233,2.89,2.99,0.1,0.0,-0.008,0.211,0.1414,0.119,information-access contrast; NOT a model-quality claim
gemma-3-1b,small,P4 vs P6,False,best closed-adapted (CPT+SFT) vs Instruct+RAG,233,2.604,3.078,0.473,0.5,0.361,0.589,0.0,0.532,information-access contrast; NOT a model-quality claim
gemma-3-1b,small,P5 vs P6,False,best closed-adapted (LoRA CPT+SFT) vs Instruct+RAG,233,2.825,3.078,0.253,0.2,0.141,0.37,7e-05,0.292,information-access contrast; NOT a model-quality claim
qwen3.5-2b,small,P4 vs P6,False,best closed-adapted (CPT+SFT) vs Instruct+RAG,233,3.498,3.857,0.358,0.4,0.237,0.477,0.0,0.381,information-access contrast; NOT a model-quality claim
qwen3.5-2b,small,P5 vs P6,False,best closed-adapted (LoRA CPT+SFT) vs Instruct+RAG,233,3.406,3.857,0.451,0.4,0.327,0.576,0.0,0.459,information-access contrast; NOT a model-quality claim
llama-3.1-8b,medium,P4 vs P6,False,best closed-adapted (CPT+SFT) vs Instruct+RAG,233,3.586,3.889,0.303,0.2,0.181,0.424,0.0,0.321,information-access contrast; NOT a model-quality claim
llama-3.1-8b,medium,P5 vs P6,False,best closed-adapted (LoRA CPT+SFT) vs Instruct+RAG,233,3.586,3.889,0.303,0.3,0.181,0.42,0.0,0.325,information-access contrast; NOT a model-quality claim
qwen3.5-9b,medium,P4 vs P6,False,best closed-adapted (CPT+SFT) vs Instruct+RAG,233,3.837,4.22,0.383,0.4,0.255,0.506,0.0,0.398,information-access contrast; NOT a model-quality claim
qwen3.5-9b,medium,P5 vs P6,False,best closed-adapted (LoRA CPT+SFT) vs Instruct+RAG,233,3.825,4.22,0.395,0.4,0.27,0.514,0.0,0.417,information-access contrast; NOT a model-quality claim
gemma-3-12b,medium,P4 vs P6,False,best closed-adapted (CPT+SFT) vs Instruct+RAG,233,3.573,4.264,0.691,0.7,0.564,0.819,0.0,0.695,information-access contrast; NOT a model-quality claim
gemma-3-12b,medium,P5 vs P6,False,best closed-adapted (LoRA CPT+SFT) vs Instruct+RAG,233,3.572,4.264,0.692,0.6,0.566,0.816,0.0,0.713,information-access contrast; NOT a model-quality claim
gemma-3-27b,large,P5 vs P6,False,best closed-adapted (LoRA CPT+SFT) vs Instruct+RAG,233,3.733,4.353,0.62,0.5,0.506,0.735,0.0,0.678,information-access contrast; NOT a model-quality claim
qwen3.5-27b,large,P5 vs P6,False,best closed-adapted (LoRA CPT+SFT) vs Instruct+RAG,233,4.093,4.376,0.282,0.2,0.189,0.375,0.0,0.396,information-access contrast; NOT a model-quality claim
