base_model,contrast,delta_primary,delta_second,delta_shift,sign_flip,ps_primary,ps_second,ps_flip
gemma-3-12b,P1 vs P3,-0.0906,-0.1279,-0.0373,False,False,False,False
gemma-3-12b,P1 vs P4,-0.0725,-0.1004,-0.0279,False,False,False,False
gemma-3-12b,P1 vs P5,-0.0704,-0.0395,0.0309,False,False,False,False
gemma-3-12b,P1 vs P6,0.6893,0.6863,-0.003,False,True,True,False
gemma-3-12b,P2 vs P5,0.0541,0.0811,0.027,False,False,False,False
gemma-3-12b,P3 vs P4,0.018,0.0275,0.0094,False,False,False,False
gemma-3-12b,P4 vs P7,0.5601,0.7288,0.1687,False,True,True,False
gemma-3-12b,P5 vs P8,0.5944,0.6528,0.0584,False,True,True,False
gemma-3-12b,P6 vs P7,-0.2017,-0.0579,0.1438,False,False,False,False
gemma-3-12b,P6 vs P8,-0.1652,-0.073,0.0923,False,False,False,False
gemma-3-1b,P1 vs P3,0.2253,0.1811,-0.0442,False,False,False,False
gemma-3-1b,P1 vs P4,0.115,0.0987,-0.0163,False,False,False,False
gemma-3-1b,P1 vs P5,0.3412,0.4597,0.1185,False,True,True,False
gemma-3-1b,P1 vs P6,0.6124,0.7807,0.1682,False,True,True,False
gemma-3-1b,P2 vs P5,0.1236,0.1631,0.0395,False,False,False,False
gemma-3-1b,P3 vs P4,-0.1103,-0.0824,0.0279,False,False,False,False
gemma-3-1b,P4 vs P7,0.3219,0.6785,0.3567,False,True,True,False
gemma-3-1b,P5 vs P8,0.1661,0.4056,0.2395,False,False,True,True
gemma-3-1b,P6 vs P7,-0.1755,-0.0034,0.1721,False,False,False,False
gemma-3-1b,P6 vs P8,-0.1052,0.0845,0.1897,True,False,False,False
gemma-3-27b,P1 vs P3,-0.2961,-0.333,-0.0369,False,True,True,False
gemma-3-27b,P1 vs P5,-0.0815,-0.0785,0.003,False,False,False,False
gemma-3-27b,P1 vs P6,0.6296,0.5451,-0.0845,False,True,True,False
gemma-3-27b,P2 vs P5,0.0785,0.0803,0.0017,False,False,False,False
gemma-3-27b,P5 vs P8,0.4283,0.4837,0.0554,False,True,True,False
gemma-3-27b,P6 vs P8,-0.2828,-0.1399,0.1429,False,True,False,True
llama-3.1-8b,P1 vs P3,0.1193,0.2717,0.1524,False,False,True,True
llama-3.1-8b,P1 vs P4,0.2579,0.4086,0.1506,False,True,True,False
llama-3.1-8b,P1 vs P5,0.2485,0.43,0.1815,False,False,True,True
llama-3.1-8b,P1 vs P6,0.6575,0.8086,0.1511,False,True,True,False
llama-3.1-8b,P2 vs P5,0.0069,0.0064,-0.0004,False,False,False,False
llama-3.1-8b,P3 vs P4,0.1386,0.1369,-0.0017,False,False,False,False
llama-3.1-8b,P4 vs P7,0.5258,0.7052,0.1794,False,True,True,False
llama-3.1-8b,P5 vs P8,0.5545,0.7206,0.1661,False,True,True,False
llama-3.1-8b,P6 vs P7,0.1262,0.3052,0.179,False,False,True,True
llama-3.1-8b,P6 vs P8,0.1455,0.3421,0.1966,False,False,True,True
llama-3.2-1b,P1 vs P3,0.2734,0.4369,0.1635,False,True,True,False
llama-3.2-1b,P1 vs P4,0.3627,0.4781,0.1155,False,True,True,False
llama-3.2-1b,P1 vs P5,0.421,0.6107,0.1897,False,True,True,False
llama-3.2-1b,P1 vs P6,0.5262,0.7858,0.2597,False,True,True,False
llama-3.2-1b,P2 vs P5,0.0906,0.1073,0.0167,False,False,False,False
llama-3.2-1b,P3 vs P4,0.0893,0.0412,-0.0481,False,False,False,False
llama-3.2-1b,P4 vs P7,0.2446,0.5644,0.3197,False,False,True,True
llama-3.2-1b,P5 vs P8,0.2983,0.6635,0.3652,False,True,True,False
llama-3.2-1b,P6 vs P7,0.0811,0.2567,0.1755,False,False,True,True
llama-3.2-1b,P6 vs P8,0.1931,0.4884,0.2953,False,False,True,True
qwen3.5-27b,P1 vs P3,-0.1506,-0.2549,-0.1043,False,False,True,True
qwen3.5-27b,P1 vs P5,-0.0545,-0.1815,-0.127,False,False,False,False
qwen3.5-27b,P1 vs P6,0.3871,0.1987,-0.1884,False,True,False,True
qwen3.5-27b,P2 vs P5,0.0567,0.0742,0.0176,False,False,False,False
qwen3.5-27b,P5 vs P8,0.379,0.3502,-0.0288,False,True,True,False
qwen3.5-27b,P6 vs P8,-0.0627,-0.03,0.0326,False,False,False,False
qwen3.5-2b,P1 vs P3,0.6815,0.5622,-0.1193,False,True,True,False
qwen3.5-2b,P1 vs P4,0.8146,0.7695,-0.0451,False,True,True,False
qwen3.5-2b,P1 vs P5,0.7176,0.6395,-0.0781,False,True,True,False
qwen3.5-2b,P1 vs P6,1.2468,1.5232,0.2764,False,True,True,False
qwen3.5-2b,P2 vs P5,0.1099,0.1013,-0.0086,False,False,False,False
qwen3.5-2b,P3 vs P4,0.133,0.2073,0.0742,False,False,False,False
qwen3.5-2b,P4 vs P7,0.4472,0.6361,0.1888,False,True,True,False
qwen3.5-2b,P5 vs P8,0.6494,0.8858,0.2365,False,True,True,False
qwen3.5-2b,P6 vs P7,0.015,-0.1176,-0.1326,True,False,False,False
qwen3.5-2b,P6 vs P8,0.1202,0.0021,-0.118,False,False,False,False
qwen3.5-9b,P1 vs P3,-0.0021,-0.2451,-0.2429,False,False,False,False
qwen3.5-9b,P1 vs P4,0.1116,-0.1391,-0.2506,True,False,False,False
qwen3.5-9b,P1 vs P5,0.0923,-0.0897,-0.182,True,False,False,False
qwen3.5-9b,P1 vs P6,0.6442,0.3983,-0.2459,False,True,True,False
qwen3.5-9b,P2 vs P5,0.0841,0.2262,0.1421,False,False,False,False
qwen3.5-9b,P3 vs P4,0.1137,0.106,-0.0077,False,False,False,False
qwen3.5-9b,P4 vs P7,0.4987,0.4961,-0.0026,False,True,True,False
qwen3.5-9b,P5 vs P8,0.4639,0.4339,-0.03,False,True,True,False
qwen3.5-9b,P6 vs P7,-0.0339,-0.0412,-0.0073,False,False,False,False
qwen3.5-9b,P6 vs P8,-0.088,-0.0541,0.0339,False,False,False,False
